Id,SMILES,Protein,Ligand,type,Heavy Atoms,Mol. weight [g/mol],Exp. Affinity,Binder prob mean,Binder prob std,dG [kcal/mol] mean,dG [kcal/mol] std,Lig. Efficiency [kcal/mol] mean,Lig. Efficiency [kcal/mol] std,Pic50 mean,Pic50 std,Pkd mean,Pkd std
test0,CC(=O)[C@H]1CC[C@H]2[C@@H]3CCC4=CC(=O)CC[C@]4(C)[C@H]3CC[C@]12C,1A28.pdb,1A28_0_processed.sdf,actives,23,314.469,0,1,0,-11.21983916,-0.327004242,-0.487819094,-0.014217576,8.181544713,0.343588007,8.310991968,0.242225364
test1,CCCCC/C=C\C/C=C\C/C=C\C/C=C\CCCC(=O)[O-],1CVU.pdb,1CVU_0_processed.sdf,actives,22,303.466,0,1,0,-8.626215291,-0.898100077,-0.392100695,-0.040822731,6.181485585,0.64054022,6.389789104,0.665259316
test2,NS(=O)(=O)c1ccc(-n2nc(C(F)(F)F)cc2-c2ccc(Br)cc2)cc1,1CX2.pdb,1CX2_0_processed.sdf,actives,26,446.248,0,0.599977154,0.489864563,-10.7993617,-0.543919073,-0.415360065,-0.020919964,7.779667786,0.475446953,7.999527182,0.402903017
test3,CC(O)(CC(=O)[O-])CC(=O)[O-],1DQ8.pdb,1DQ8_0_processed.sdf,actives,11,160.125,0,0.005583597,0.011158475,-4.524746306,-0.799702863,-0.411340573,-0.07270026,3.450225524,0.520087877,3.35166393,0.592372491
test4,C[C@]1(O)CC[C@H]2[C@@H]3CCC4=CC(=O)CCC4=C3C=C[C@@]21C,1E3K.pdb,1E3K_0_processed.sdf,actives,21,284.399,0,0.999984837,2.99E-05,-11.04599357,-0.361188864,-0.525999694,-0.01719947,8.005273615,0.546913406,8.182217462,0.267547307
test5,CC[C@@H](C)C(=O)O[C@H]1CCC=C2C=C[C@H](C)[C@H](CC[C@@H](O)C[C@@H](O)CC(=O)[O-])[C@H]21,1HW8.pdb,1HW8_0_processed.sdf,actives,29,407.527,0,0.351343598,0.432229638,-5.931363753,-0.714252957,-0.204529785,-0.024629412,4.628533023,0.643623673,4.39360278,0.529076265
test6,CCC(C)(C)C(=O)O[C@H]1C[C@@H](C)C=C2C=C[C@H](C)[C@H](CC[C@@H](O)C[C@@H](O)CC(=O)[O-])[C@H]21,1HW9.pdb,1HW9_0_processed.sdf,actives,31,435.581,0,0.527241449,0.363264642,-7.474568878,-0.859183274,-0.241115125,-0.027715589,5.522301878,0.64911572,5.536717687,0.636432055
test7,CC(C)n1c(/C=C/[C@@H](O)C[C@@H](O)CC(=O)[O-])c(-c2ccc(F)cc2)c2ccccc21,1HWI.pdb,1HWI_0_processed.sdf,actives,30,410.465,0,0.404117267,0.478010847,-6.655112519,-0.825605701,-0.221837084,-0.02752019,5.001748017,0.73456844,4.929712977,0.611559779
test8,COCc1c(C(C)C)nc(C(C)C)c(CC[C@@H](O)C[C@@H](O)CC(=O)[O-])c1-c1ccc(F)cc1,1HWJ.pdb,1HWJ_0_processed.sdf,actives,33,460.566,0,0.273934126,0.390162608,-7.102409342,-0.527421974,-0.215224526,-0.015982484,5.153219155,0.437821004,5.261043957,0.390682944
test9,CC(C)c1c(C(=O)Nc2ccccc2)c(-c2ccccc2)c(-c2ccc(F)cc2)n1CC[C@@H](O)C[C@@H](O)CC(=O)[O-],1HWK.pdb,1HWK_0_processed.sdf,actives,41,557.642,0,0.197603972,0.395166531,-8.309680479,-0.695392389,-0.202675134,-0.01696079,6.323374816,0.597478039,6.155318873,0.515105473
test10,CC(C)c1nc(N(C)S(C)(=O)=O)nc(-c2ccc(F)cc2)c1CC[C@@H](O)C[C@@H](O)CC(=O)[O-],1HWL.pdb,1HWL_0_processed.sdf,actives,33,482.554,0,0.200355176,0.397163166,-6.591377071,-0.545184446,-0.199738699,-0.016520741,4.945523194,0.437030215,4.882501534,0.40384033
test11,C#C[C@]1(O)CC[C@H]2[C@@H]3CCC4=CC(=O)CC[C@@H]4[C@H]3CC[C@@]21C,1SQN.pdb,1SQN_0_processed.sdf,actives,22,298.426,0,1,0,-10.89518268,-0.317428409,-0.495235576,-0.014428564,8.06407186,0.281694639,8.070505687,0.235132155
test12,C[C@@H]1C[C@H]2[C@@H]3CCC4=CC(=O)C=C[C@]4(C)[C@@]3(Cl)[C@@H](O)C[C@]2(C)[C@@]1(OC(=O)c1ccco1)C(=O)CCl,1SR7.pdb,1SR7_0_processed.sdf,actives,35,521.437,0,1,0,-13.76835106,-0.357934984,-0.393381459,-0.010226714,10.27715792,0.241665674,10.19877856,0.265137025
test13,CC(C)(C)c1onc(OCP(=O)([O-])[O-])c1C[C@H]([NH3+])C(=O)[O-],1VSO.pdb,1VSO_0_processed.sdf,actives,21,320.238,0,1,0,-7.104747002,-0.71219624,-0.338321286,-0.033914107,5.299521719,0.330374405,5.262775557,0.52755277
test34,CC(=O)[C@H]1CC[C@H]2[C@@H]3CCC4=CC(=O)CC[C@]4(C)[C@H]3CC[C@]12C,1YA3.pdb,1YA3_0_processed.sdf,actives,23,314.469,0,1,0,-10.80785627,-0.510686899,-0.469906794,-0.022203778,8.054778099,0.428043317,8.005819457,0.378286592
test35,Cn1c(C#N)ccc1-c1ccc2c(c1)C(C)(C)OC(=S)N2,1ZUC.pdb,1ZUC_0_processed.sdf,actives,21,297.383,0,1,0,-11.21464637,-0.60377316,-0.53403078,-0.028751103,8.215890884,0.496527001,8.307145459,0.447239378
test36,C[C@]12C[C@H](O)[C@H]3[C@@H](CCC4=CC(=O)CC[C@@]43C)[C@@H]1CC[C@@H]2C(=O)CO,2A3I.pdb,2A3I_0_processed.sdf,actives,25,346.467,0,1,0,-10.95763122,-0.781221352,-0.438305249,-0.031248854,8.210793359,0.967194199,8.116763864,0.578682483
test37,C[C@]12CCC(=O)C=C1CC[C@@H]1[C@@H]2[C@@H]2C[C@]3(C(=O)O2)[C@@H](C(=O)CO)CC[C@@H]13,2AA2.pdb,2AA2_0_processed.sdf,actives,26,358.434,0,0.999865079,0.000269842,-10.60613781,-0.556201735,-0.407928377,-0.021392374,7.8940632,0.641914835,7.856398378,0.412001285
test58,CC(=O)S[C@@H]1CC2=CC(=O)CC[C@]2(C)[C@H]2CC[C@@]3(C)[C@@H](CC[C@@]34CCC(=O)O4)[C@H]12,2AB2.pdb,2AB2_0_processed.sdf,actives,29,416.583,0,1,0,-9.829503209,-0.539619752,-0.338948387,-0.018607578,7.5150874,0.435154507,7.281113488,0.399718335
test59,[NH3+]CCCC[C@H]([NH2+][C@@H](CCc1ccccc1)C(=O)[O-])C(=O)N1CCC[C@H]1C(=O)[O-],2C6N.pdb,2C6N_0_processed.sdf,actives,29,405.495,0,1,0,-10.74042011,-0.782144817,-0.370359314,-0.026970511,7.946108001,0.616040744,7.955866746,0.579366531
test60,COc1cc(Nc2ncc3ccn(-c4ccccn4)c3n2)cc(OC)c1OC,2ETM.pdb,2ETM_0_processed.sdf,actives,28,377.404,0,1,0,-7.611455798,-0.536928813,-0.271837707,-0.019176029,5.622595855,0.265629317,5.638115406,0.397725047
test61,Cc1cn(C[C@H]([NH3+])C(=O)[O-])c(=O)n(Cc2ccsc2C(=O)[O-])c1=O,2F34.pdb,2F34_0_processed.sdf,actives,24,352.348,0,0.800013702,0.399972596,-9.082420788,-0.334311445,-0.3784342,-0.013929644,6.62970938,0.325996253,6.727719103,0.247638108
test62,[NH3+][C@@H](Cn1ccc(=O)n(Cc2ccccc2C(=O)[O-])c1=O)C(=O)[O-],2F35.pdb,2F35_0_processed.sdf,actives,24,332.292,0,0.998179603,0.003640378,-7.1831446,-0.465632432,-0.299297692,-0.019401351,5.324843339,0.336698171,5.320847852,0.344912913
test63,O=C(N[C@@H](Cc1ccccc1)[P@@](=O)([O-])[C@@H]1CCC[C@H]1C(=O)N[C@@H](Cc1c[nH]c2ccccc12)C(=O)[O-])OCc1ccccc1,2OC2.pdb,2OC2_0_processed.sdf,actives,44,615.623,0,1,0,-11.21702127,-0.213854695,-0.254932302,-0.004860334,8.604833467,0.414172003,8.308904648,0.158410886
test64,COC[C@]1(OC)CC[C@H]2[C@@H]3CCC4=CC(=O)CCC4=C3[C@@H](c3ccc(/C=N/O)cc3)C[C@@]21C,2OVH.pdb,2OVH_0_processed.sdf,actives,33,449.591,0,1,0,-11.03723231,-0.606956219,-0.334461585,-0.018392613,8.397081579,0.327151675,8.17572764,0.449597199
test65,C/C(=C/C=C/[C@@H](C)C(=O)[O-])[C@H]1C[NH2+][C@H](C(=O)[O-])[C@H]1CC(=O)[O-],2PBW.pdb,2PBW_0_processed.sdf,actives,22,309.318,0,0.999999452,1.10E-06,-11.16127148,-0.451496228,-0.507330522,-0.020522556,8.070504393,0.411184654,8.267608506,0.334441651
test66,CC(C)n1c(CC[C@@H](O)C[C@@H](O)CC(=O)[O-])c(-c2ccc(F)cc2)c(-c2ccc(F)cc2)c1C(=O)Nc1ccccc1,2Q1L.pdb,2Q1L_0_processed.sdf,actives,42,575.632,0,0.979786122,0.036345259,-9.84111463,-0.584504811,-0.234312253,-0.013916781,7.356714112,0.438022964,7.289714541,0.432966527
test67,Cc1cn(C[C@H]([NH3+])C(=O)[O-])c(=O)n(Cc2c(C(=O)[O-])sc(Br)c2Br)c1=O,2QS1.pdb,2QS1_0_processed.sdf,actives,26,510.14,0,0.99997499,5.00E-05,-9.218174284,-0.545807832,-0.354545165,-0.020992609,6.891699791,0.348526722,6.828277247,0.404302098
test68,[NH3+][C@@H](Cn1cc(Br)c(=O)n(Cc2ccsc2C(=O)[O-])c1=O)C(=O)[O-],2QS2.pdb,2QS2_0_processed.sdf,actives,24,417.217,0,0.799988583,0.399993329,-9.100757258,-0.544110353,-0.379198219,-0.022671265,6.620909214,0.357320081,6.741301673,0.403044706
test69,Cc1cn(C[C@H]([NH3+])C(=O)[O-])c(=O)n(Cc2cc(-c3ccccc3)sc2C(=O)[O-])c1=O,2QS3.pdb,2QS3_0_processed.sdf,actives,30,428.446,0,0.800860966,0.398278069,-9.684117579,-0.365524185,-0.322803919,-0.012184139,7.280624253,0.491575876,7.173420429,0.270758655
test70,O=C([O-])[C@@H]1C[C@H]2C[C@@H](C[N@@H+]3CC(F)(F)C[C@H]3C(=O)[O-])CC[C@H]2C[NH2+]1,2QS4.pdb,2QS4_0_processed.sdf,actives,24,346.374,0,0.999998927,1.70E-06,-7.135917337,-0.588592237,-0.297329889,-0.024524677,5.210394246,0.506136462,5.285864694,0.43599425
test71,Cn1c(=O)[nH]c2cccc(OC[C@@H](O)C[NH2+]C(C)(C)Cc3ccc(Oc4ccc(C(N)=O)cn4)cc3)c21,2VT4.pdb,2VT4_1_processed.sdf,actives,37,506.583,0,1,0,-11.69645274,-1.162966579,-0.316120344,-0.031431529,8.691053527,0.803087376,8.664039067,0.861456725
test72,NS(=O)(=O)c1cc(C(=O)NCC[NH2+]C[C@@H](O)COc2cccc3c2CCC(=O)N3)ccc1Cl,2VT4.pdb,2VT4_10_processed.sdf,actives,33,497.981,0,0.999225426,0.001450605,-10.74408339,-0.555412257,-0.325578285,-0.016830674,8.069573471,0.324284845,7.95858029,0.411416487
test74,O[C@@H](C[NH2+]CC1CC[NH+](CCC(F)(F)F)CC1)COc1cccc2[nH]c3ccccc3c12,2VT4.pdb,2VT4_11_processed.sdf,actives,32,451.533,0,1,0,-9.719633276,-0.578861459,-0.30373854,-0.018089421,7.164136887,0.631965301,7.199728353,0.428786266
test76,CC(C)(C)[NH2+]C[C@@H](O)COc1cccc2c1CCC(=O)N2,2VT4.pdb,2VT4_12_processed.sdf,actives,21,293.387,0,1,0,-8.704655099,-0.636354964,-0.414507386,-0.030302617,6.415483338,0.518801517,6.447892666,0.471374047
test78,O=C(Nc1ccc(Oc2cccc(CC[NH2+]C[C@H](O)c3cccc(Cl)c3)c2)cc1C(=O)[O-])c1ccccc1,2VT4.pdb,2VT4_13_processed.sdf,actives,38,531.008,0,1,0,-10.51649599,-0.976362205,-0.276749895,-0.025693742,7.829344273,0.615772434,7.789997033,0.723231263
test80,O=C(Cc1cc2ccccc2c[nH+]1)Nc1ccc(CC[NH2+]C[C@H](O)COc2ccc(O)cc2)cc1,2VT4.pdb,2VT4_14_processed.sdf,actives,35,473.573,0,0.799989848,0.399992528,-9.450107871,-1.214564195,-0.270003082,-0.034701834,7.154336725,0.779048694,7.000079904,0.899677182
test82,COc1ccc(CC(C)(C)[NH2+]C[C@H](O)COc2cccc3[nH]c(=O)[nH]c23)cc1,2VT4.pdb,2VT4_15_processed.sdf,actives,28,386.472,0,0.999999666,6.68E-07,-9.412113261,-0.588861816,-0.336146902,-0.021030779,6.942326614,0.55735536,6.971935749,0.436193938
test84,CS(=O)(=O)[N-]c1ccc(C(=O)NCC[NH2+]C[C@H](O)COc2cccc3ccccc23)cc1,2VT4.pdb,2VT4_16_processed.sdf,actives,32,457.552,0,0.999996662,5.46E-06,-10.15414148,-0.699188461,-0.317316921,-0.021849639,7.487594264,0.52477211,7.521586282,0.517917379
test86,NS(=O)(=O)c1cc(S(=O)(=O)NCC[NH2+]C[C@@H](O)COc2cccc3ccccc23)ccc1Cl,2VT4.pdb,2VT4_17_processed.sdf,actives,33,515.033,0,0.40127744,0.488852623,-10.77039908,-0.696713954,-0.32637573,-0.021112544,8.056476457,0.295882108,7.978073393,0.51608441
test88,NS(=O)(=O)c1cc(C(=O)NCC[NH2+]C[C@H](O)COc2cccc3c2SCC(=O)N3)ccc1Cl,2VT4.pdb,2VT4_18_processed.sdf,actives,33,516.021,0,0.99865036,0.002695764,-10.09171621,-0.790399188,-0.305809582,-0.023951491,7.560969489,0.71986758,7.475345339,0.58548088
test90,CC(C)(C)[NH2+]C[C@H](O)COc1cccc2[nH]c(=O)[nH]c12,2VT4.pdb,2VT4_19_processed.sdf,actives,20,280.348,0,1,0,-8.31941699,-0.267461362,-0.415970849,-0.013373068,6.07493094,0.27376775,6.162531103,0.198119528
test93,O=C(Cc1cccc[nH+]1)Nc1ccc(CC[NH2+]C[C@H](O)COc2cccc3[nH]c(=O)[nH]c23)cc1,2VT4.pdb,2VT4_2_processed.sdf,actives,34,463.538,0,1,0,-10.63149554,-0.92444074,-0.312691045,-0.027189434,8.06710795,0.453071354,7.875181879,0.684770919
test94,NS(=O)(=O)c1cc(NCC[NH2+]C[C@H](O)COc2cccc3ccccc23)ccc1Cl,2VT4.pdb,2VT4_20_processed.sdf,actives,30,450.968,0,0.602405352,0.486439654,-10.381716,-1.172903346,-0.3460572,-0.039096778,7.662075247,0.546948375,7.690160002,0.868817293
test97,O=C([O-])c1cc(NC2CCOCC2)cc(Oc2ccc3c(c2)C[C@@H]([NH2+]C[C@H](O)c2cccc(Cl)c2)CC3)c1,2VT4.pdb,2VT4_3_processed.sdf,actives,38,537.056,0,0.387700068,0.443384365,-11.04831339,-0.338484434,-0.290745089,-0.008907485,8.381643159,0.341356358,8.183935847,0.25072921
test99,O=C(Nc1ccccc1)Nc1ccc(S(=O)(=O)N2CCC(C[NH2+]C[C@H](O)COc3ccc(O)cc3)CC2)cc1,2VT4.pdb,2VT4_4_processed.sdf,actives,39,555.677,0,0.999407315,0.001137646,-11.68747969,-0.70906756,-0.299678967,-0.018181219,8.598506791,0.425306113,8.657392366,0.525235229
test101,O=C(Cc1cccc[nH+]1)Nc1ccc(CC[NH2+]C[C@H](O)COc2cccc3[nH]c4ccccc4c23)cc1,2VT4.pdb,2VT4_5_processed.sdf,actives,37,496.611,0,0.900650358,0.198698568,-10.57984024,-0.852895833,-0.285941628,-0.023051239,7.896422795,0.697293641,7.836918695,0.631774691
test103,C[C@H](Cc1c[nH]c2c(OS(C)(=O)=O)cccc12)[NH2+]C[C@H](O)c1cccc(NCc2ccc3ccccc3c2)c1,2VT4.pdb,2VT4_6_processed.sdf,actives,39,544.697,0,0.981702125,0.030670156,-10.36940678,-0.341651893,-0.265882225,-0.008760305,7.699912207,0.377667446,7.681042058,0.253075477
test105,O=C(NCc1ccc(F)cc1)N1CCC(Nc2ccc(CC[NH2+]C[C@H](O)COc3ccc(O)cc3)cc2)CC1,2VT4.pdb,2VT4_7_processed.sdf,actives,39,537.656,0,1,0,-11.84244394,-0.573124656,-0.303652409,-0.014695504,8.892932279,0.547358797,8.772180693,0.424536782
test107,CC(C)([NH2+]C[C@H](O)COc1cccc2[nH]c(C#N)cc12)[C@H]1CC[C@@](C)(NC(=O)CBr)CC1,2VT4.pdb,2VT4_8_processed.sdf,actives,32,506.465,0,1,0,-11.85604816,-1.182733696,-0.370501505,-0.036960428,8.810546807,1.074224646,8.782257898,0.876099034
test109,O=C(NCC[NH2+]C[C@H](O)COc1cccc2ccccc12)c1ccc(-n2ccnc2)cc1,2VT4.pdb,2VT4_9_processed.sdf,actives,32,431.516,0,0.827342668,0.342478629,-9.778734878,-0.863171196,-0.305585465,-0.0269741,7.135544436,0.637542996,7.243507317,0.639386071
test111,[NH3+][C@@H](CC1=CCCCc2o[n-]c(=O)c21)C(=O)[O-],2WKY.pdb,2WKY_0_processed.sdf,actives,17,237.235,0,1,0,-8.34188777,-0.448209243,-0.490699281,-0.02636525,6.142374039,0.32173538,6.179176126,0.332006846
test112,O=C(N[C@@H](Cc1ccccc1)[P@@](=O)([O-])C[C@H](Cc1cc(-c2ccccc2)no1)C(=O)N[C@@H](Cc1ccc(O)cc1)C(=O)[O-])OCc1ccccc1,2XY9.pdb,2XY9_0_processed.sdf,actives,51,709.692,0,1,0,-11.61479962,-0.350658726,-0.227741169,-0.006875661,8.774492604,0.807025164,8.603555271,0.259747205
test113,O=C(N[C@@H](Cc1ccccc1)[P@@](=O)([O-])C[C@H](Cc1cc(-c2ccccc2)no1)C(=O)N[C@@H](Cc1ccc(O)cc1)C(=O)[O-])OCc1ccccc1,2XYD.pdb,2XYD_0_processed.sdf,actives,51,709.692,0,1,0,-10.64094173,-0.528333645,-0.208645916,-0.010359483,8.21873154,0.860986053,7.882179056,0.391358256
test114,NC(=[NH2+])c1ccc2oc(C(=O)N3CCN(C(=O)COc4ccc(OCC(=O)N5CC[NH2+]CC5)cc4)CC3)cc2c1,2ZEC.pdb,2ZEC_1_processed.sdf,actives,40,550.616,0,0.967081106,0.062959601,-9.031267047,-0.266353202,-0.225781676,-0.00665883,6.873775482,0.203102083,6.689827442,0.197298668
test115,Cc1c(Cl)nc(NCCc2c[nH]c[nH+]2)c(=O)n1CC(=O)Nc1cccc(C[NH3+])c1,2ZEC.pdb,2ZEC_10_processed.sdf,actives,29,417.901,0,0.920459509,0.15045055,-8.304962121,-0.653383922,-0.286378004,-0.02253048,6.232724462,0.597050254,6.151823793,0.48398809
test117,CCOC(=O)COc1ccc(OCC(=O)N2CCN(C(=O)c3cc4cc(C(N)=[NH2+])ccc4o3)CC2)cc1,2ZEC.pdb,2ZEC_11_processed.sdf,actives,37,509.539,0,0.384462735,0.469964681,-8.916359374,-0.493624064,-0.240982686,-0.013341191,6.686966692,0.263632055,6.604710647,0.365647455
test119,COCCn1cc(C(=O)N2CCC(c3cccc(C[NH3+])c3)CC2)c2cccc(C)c21,2ZEC.pdb,2ZEC_12_processed.sdf,actives,30,406.55,0,0.384740611,0.471145326,-7.781799214,-0.363083691,-0.259393307,-0.01210279,5.779423646,0.245362007,5.764295714,0.268950882
test121,[NH3+]Cc1cccc(C2CCN(C(=O)c3cn(CC4CC4)c4ccccc34)CC2)c1,2ZEC.pdb,2ZEC_13_processed.sdf,actives,29,388.535,0,0.391199903,0.464710577,-7.956457738,-0.134561552,-0.274360612,-0.004640054,5.945423807,0.250297731,5.893672398,0.099675223
test123,[NH3+]CCCC[C@H](NC(=O)OCc1ccccc1)C(=O)c1noc(Cc2ccc(C(=O)NCCc3cccs3)cc2)n1,2ZEC.pdb,2ZEC_14_processed.sdf,actives,41,576.699,0,8.97E-09,1.16E-08,-9.70827714,-1.129683163,-0.236787247,-0.027553248,7.358224119,0.765539951,7.1913164,0.836802343
test125,[NH3+]Cc1ccc(CCC[NH2+]CCNS(=O)(=O)c2ccc3sccc3c2)cc1,2ZEC.pdb,2ZEC_15_processed.sdf,actives,27,405.589,0,0.022241881,0.042486698,-7.645528804,-0.545488709,-0.283167733,-0.020203286,5.86737551,0.557786936,5.663354669,0.40406571
test127,[NH3+]Cc1ccc(CCC[NH2+]CCNS(=O)(=O)c2ccc3ccccc3c2Cl)cc1,2ZEC.pdb,2ZEC_16_processed.sdf,actives,29,434.005,0,0.220505569,0.390668525,-7.8784141,-0.334588122,-0.271669452,-0.011537521,6.010424546,0.366832282,5.835862296,0.247843053
test129,Cc1c(Cl)nc(NC2Cc3ccccc3C2)c(=O)n1CC(=O)Nc1cccc(C[NH3+])c1,2ZEC.pdb,2ZEC_17_processed.sdf,actives,31,438.939,0,0.001579901,0.002208831,-8.251692622,-0.797616312,-0.266183633,-0.025729558,6.138971533,0.465085369,6.112364905,0.590826898
test131,CC(C)(C)OC(=O)N1CCN(C(=O)N2C(=O)[C@H](CCCNC(N)=[NH2+])[C@H]2C(N)=O)CC1,2ZEC.pdb,2ZEC_18_processed.sdf,actives,30,426.498,0,0.94809463,0.103808594,-7.235301733,-0.655538754,-0.241176724,-0.021851292,5.431238106,0.451941433,5.359482765,0.485584262
test133,[NH3+]Cc1cccc(C2CCN(C(=O)c3cn(CC4CCCCC4)c4ccccc34)CC2)c1,2ZEC.pdb,2ZEC_19_processed.sdf,actives,32,430.616,0,0.216273746,0.392268213,-8.189888825,-0.593276741,-0.255934026,-0.018539898,6.160468102,0.318812514,6.066584315,0.439464252
test136,NC(=[NH2+])c1ccc2oc(C(=O)N3CCN(C(=O)COc4ccc(OCC(=O)N5CCCCC5)cc4)CC3)cc2c1,2ZEC.pdb,2ZEC_2_processed.sdf,actives,40,548.62,0,0.803908297,0.303822813,-9.325928644,-0.510673909,-0.233148216,-0.012766848,7.059900761,0.383799093,6.908095292,0.378276969
test137,[NH3+]Cc1cccc(C2CCN(C(=O)c3cn(-c4cccnc4)c4ccccc34)CC2)c1,2ZEC.pdb,2ZEC_20_processed.sdf,actives,31,411.529,0,0.321701788,0.412780121,-8.634913189,-0.611762449,-0.278545587,-0.019734273,6.360323089,0.317205309,6.396231992,0.45315737
test140,NC(=[NH2+])NCCC[C@H](NC(=O)c1ccc2ccccc2c1O)C(=O)N1CCC[C@H]1C(N)=O,2ZEC.pdb,2ZEC_3_processed.sdf,actives,32,441.512,0,0.999999952,9.54E-08,-8.669172232,-0.147901489,-0.270911632,-0.004621922,6.47639949,0.208774609,6.421609061,0.109556658
test142,Cc1c(Cl)nc(NC[C@H]2CCC[NH2+]C2)c(=O)n1CC(=O)Nc1cccc(C[NH3+])c1,2ZEC.pdb,2ZEC_4_processed.sdf,actives,29,420.945,0,0.350072432,0.434589724,-8.152090277,-0.353986449,-0.281106561,-0.012206429,5.939435278,0.321739915,6.03858539,0.262212184
test144,NC(=[NH2+])c1ccc(C(=O)NCC2CCN(C(=O)NCCC(c3ccccc3)c3ccccc3)CC2)cc1,2ZEC.pdb,2ZEC_5_processed.sdf,actives,37,498.651,0,0.403730716,0.486884963,-8.954115067,-0.356925287,-0.24200311,-0.009646629,6.632807732,0.339079379,6.632677828,0.264389102
test146,CC(=O)N1C[C@H](O)C[C@H]1C(=O)N[C@@H](CCCNC(N)=[NH2+])C(=O)c1nccs1,2ZEC.pdb,2ZEC_6_processed.sdf,actives,27,397.481,0,0.990264738,0.009062444,-7.016396601,-0.412589497,-0.259866541,-0.015281092,5.175093991,0.262064104,5.197330815,0.305621849
test148,Cc1cc(C)c(CNc2nc(Cl)c(C)n(CC(=O)Nc3cccc(C[NH3+])c3)c2=O)cc1C[NH3+],2ZEC.pdb,2ZEC_7_processed.sdf,actives,33,471.005,0,0.000629356,0.001258337,-8.774923396,-0.60695812,-0.26590677,-0.01839267,6.399053982,0.45973803,6.499943256,0.449598607
test150,NC(=[NH2+])N1CCC[C@H](C[C@H]2C(=O)N(C(=O)N3CCN(C(=O)CCCCCc4ccccn4)CC3)[C@@H]2C(=O)[O-])C1,2ZEC.pdb,2ZEC_8_processed.sdf,actives,39,541.653,0,0.599875341,0.4897961,-9.060081329,-0.763523817,-0.232309778,-0.019577534,6.86917448,0.492640672,6.711171355,0.565573198
test152,[NH3+]Cc1cccc(C2CCN(C(=O)c3cn(-c4nccs4)c4ccccc34)CC2)c1,2ZEC.pdb,2ZEC_9_processed.sdf,actives,30,417.558,0,0.576122896,0.365093801,-7.764491057,-0.735704749,-0.258816369,-0.024523492,5.800895691,0.412595859,5.751474857,0.544966481
test174,CN(c1ncccc1CNc1nc(Nc2ccc3c(c2)CC(=O)N3)ncc1C(F)(F)F)S(C)(=O)=O,3BZ3.pdb,3BZ3_0_processed.sdf,actives,35,507.498,0,1,0,-11.58308073,-0.44441855,-0.330945164,-0.012697673,8.397946835,0.31892563,8.580059801,0.329198926
test215,C[C@@H](C(=O)N(C)C)N(CC(F)(F)F)c1ccc(C#N)c(C(F)(F)F)c1,3G8O.pdb,3G8O_0_processed.sdf,actives,25,367.293,0,1,0,-9.020860781,-0.404256539,-0.360834431,-0.016170262,6.769983837,0.450537796,6.682119097,0.299449288
test216,C[NH2+][C@H]1[C@H]2O[C@@](C[C@H]([NH3+])C(=O)[O-])(C(=O)[O-])C[C@H]2OC[C@H]1O,3GBA.pdb,3GBA_0_processed.sdf,actives,21,304.299,0,1,0,-9.102587383,-1.29890084,-0.433456542,-0.061852421,6.799394335,1.01215635,6.742657321,0.96214877
test217,[NH3+][C@@H](C[C@]1(C(=O)[O-])C[C@H]2OCCC[C@H]2O1)C(=O)[O-],3GBB.pdb,3GBB_0_processed.sdf,actives,18,258.25,0,1,0,-8.274219867,-1.020481705,-0.459678882,-0.056693428,6.173722335,0.735825853,6.129051753,0.755912374
test218,C[N@H+]1CC[C@H](N(Cc2ccccc2C(F)(F)F)c2ccc(C#N)c(Cl)c2)C1,3HQ5.pdb,3HQ5_0_processed.sdf,actives,27,394.848,0,1,0,-10.98276649,-0.441685696,-0.406769129,-0.016358729,8.060584,0.3612315,8.135382584,0.327174589
test219,CC/C=C\C/C=C\C/C=C\C/C=C\C/C=C\CCCC(=O)[O-],3HS6.pdb,3HS6_0_processed.sdf,actives,22,301.45,0,0.999999952,9.54E-08,-8.551460746,-0.766777632,-0.388702761,-0.034853529,6.046219553,0.487464178,6.334415368,0.567983431
test220,Cc1ccccc1CN(c1ccc(C#N)c(Cl)c1)[C@H]1CCN(S(C)(=O)=O)C1,3KBA.pdb,3KBA_0_processed.sdf,actives,27,403.935,0,0.999999499,1.00E-06,-11.51338011,-0.405922003,-0.426421486,-0.015034148,8.423335212,0.398037653,8.528429713,0.300682965
test241,[NH3+]CCCC[C@H]([NH2+][C@@H](CCc1ccccc1)C(=O)[O-])C(=O)N[C@@H](Cc1c[nH]c2ccccc12)C(=O)[O-],3L3N.pdb,3L3N_0_processed.sdf,actives,36,494.592,0,1,0,-10.93367829,-0.811874188,-0.303713286,-0.022552061,8.257374082,0.933546659,8.099020958,0.601388287
test242,O=C([O-])C1=Cc2cc(Cl)cc(Cl)c2O[C@@H]1C(F)(F)F,3LN0.pdb,3LN0_0_processed.sdf,actives,19,312.05,0,0.99955765,0.000652676,-7.175279689,-0.863248372,-0.377646299,-0.045434125,5.513345855,0.706928792,5.315021992,0.639443238
test243,Cc1ccc(-c2cc(C(F)(F)F)nn2-c2ccc(S(N)(=O)=O)cc2)cc1,3LN1.pdb,3LN1_0_processed.sdf,actives,26,381.379,0,0.999999166,1.67E-06,-9.746653022,-0.743164855,-0.37487127,-0.028583264,7.23477929,0.599579573,7.219742979,0.550492485
test264,COc1ccc2cc([C@H](C)C(=O)[O-])ccc2c1,3NT1.pdb,3NT1_0_processed.sdf,actives,17,229.255,0,0.999977088,4.56E-05,-7.314262319,-0.564545236,-0.430250725,-0.033208543,5.416975634,0.53410147,5.417972088,0.418181656
test265,CSc1ccc2cc([C@H](C)C(=O)[O-])ccc2c1,3NTB.pdb,3NTB_0_processed.sdf,actives,17,245.323,0,0.999999309,1.38E-06,-7.649402404,-0.861891333,-0.449964847,-0.05069949,5.733965329,0.625051059,5.666224003,0.638438024
test266,CC(C)COc1c(Cl)cc2c(c1Cl)O[C@@H](C(F)(F)F)C(C(=O)[O-])=C2,3NTG.pdb,3NTG_0_processed.sdf,actives,24,384.157,0,1,0,-9.766874702,-0.714030549,-0.406953113,-0.029751273,7.105336053,0.576362914,7.234722001,0.528911518
test267,CC(=O)N[C@@H](CC(=O)[O-])C(=O)N[C@@H](Cc1ccccc1)[P@@](=O)([O-])C[C@@H](C)C(=O)N[C@@H](C)C(N)=O,3NXQ.pdb,3NXQ_0_processed.sdf,actives,34,496.457,0,1,0,-10.48320751,-1.254141283,-0.308329633,-0.036886508,7.92245497,0.682649741,7.765338898,0.928993543
test268,CCCCC/C=C\C/C=C\C/C=C\C/C=C\CCCC(=O)[O-],3OLT.pdb,3OLT_0_processed.sdf,actives,22,303.466,0,1,0,-8.421750774,-0.757344261,-0.382806853,-0.034424739,6.025566101,0.637664086,6.238333906,0.560995749
test269,C[C@H](C(=O)[O-])c1ccc(-c2ccccc2)c(F)c1,3PGH.pdb,3PGH_0_processed.sdf,actives,18,243.257,0,0.999618137,0.000763249,-6.521689051,-0.596874428,-0.362316058,-0.03315969,4.883940765,0.400729582,4.830880778,0.442129206
test270,COc1ccc2cc([C@@H](C)C(=O)[O-])ccc2c1,3Q7D.pdb,3Q7D_0_processed.sdf,actives,17,229.255,0,1,0,-7.309603276,-0.568786119,-0.429976663,-0.033458007,5.370391778,0.511287541,5.414520945,0.421323051
test271,C[C@@H](C(=O)[O-])c1ccc(-c2ccccc2)c(F)c1,3RR3.pdb,3RR3_0_processed.sdf,actives,18,243.257,0,0.999999571,8.58E-07,-6.664965728,-0.458039048,-0.370275874,-0.025446614,5.019225529,0.305603823,4.937011651,0.339288184
test272,[NH3+][C@@H](Cn1c(=O)n(Cc2ccsc2C(=O)[O-])c(=O)c2cscc21)C(=O)[O-],3S2V.pdb,3S2V_0_processed.sdf,actives,26,394.41,0,0.980294728,0.039410543,-9.240090721,-0.386223,-0.355388105,-0.014854731,6.970108782,0.307907806,6.844511645,0.286091111
test273,O=C1COc2ccc(C3=Nn4cnnc4S[C@H]3c3ccccc3)cc2N1,3VHV.pdb,3VHV_0_processed.sdf,actives,26,363.402,0,0.999964213,5.78E-05,-9.448631981,-0.969300171,-0.363408922,-0.037280776,7.079959256,0.727234017,6.998986653,0.718000127
test274,c1cc(N2CC[NH2+]CC2)c2cc[nH]c2c1,3ZPQ.pdb,3ZPQ_0_processed.sdf,actives,15,202.281,0,0.999820268,0.000357441,-7.952377408,-1.31189578,-0.530158494,-0.087459719,5.879386221,0.989935157,5.890649932,0.971774651
test275,Cc1cc(N2CC[NH2+]CC2)nc2ccccc12,3ZPR.pdb,3ZPR_0_processed.sdf,actives,17,228.319,0,1,0,-8.915075316,-0.280859352,-0.524416195,-0.016521138,6.500202928,0.371711042,6.603759493,0.208043964
test276,Cc1noc(C)c1-c1ccc(CNS(=O)(=O)c2c(C)nn(C)c2Cl)cc1,4APU.pdb,4APU_0_processed.sdf,actives,26,394.884,0,0.999995303,9.33E-06,-8.967694095,-0.339731109,-0.344911311,-0.013066581,6.826718262,0.271187855,6.642736367,0.251652673
test277,C[C@H](C[P@@](=O)([O-])[C@H](Cc1ccccc1)NC(=O)[C@H]([NH3+])Cc1nnn[n-]1)C(=O)N[C@@H](C)C(N)=O,4BXK.pdb,4BXK_0_processed.sdf,actives,33,479.458,0,1,0,-10.96376072,-1.096150691,-0.332235173,-0.033216688,8.170623575,0.806659513,8.12130424,0.811963475
test278,COc1ccc2c(c1)c(CC(=O)[O-])c(C)n2C(=O)c1ccc(Cl)cc1,4COX.pdb,4COX_0_processed.sdf,actives,25,356.785,0,1,0,-5.945400473,-0.611205606,-0.237816019,-0.024448224,4.798724583,0.552202987,4.40400035,0.452744894
test279,[NH3+][C@@H](Cc1cc(Cl)c(N([O-])O)cc1CCC(=O)[O-])C(=O)[O-],4DLD.pdb,4DLD_0_processed.sdf,actives,21,316.697,0,0.999999928,1.43E-07,-8.58042842,-0.37560985,-0.40859183,-0.017886183,6.391876221,0.430398989,6.355872904,0.278229519
test280,C=C(C)[C@H]1C[NH2+][C@H](C(=O)[O-])[C@H]1CC(=O)[O-],4E0X.pdb,4E0X_0_processed.sdf,actives,15,212.225,0,0.999999571,8.58E-07,-7.784966918,-0.469656195,-0.518997795,-0.031310413,5.778219496,0.220303056,5.766642162,0.347893477
test281,CC/C=C\C/C=C\C/C=C\CCCCCCCC(=O)[O-],4E1G.pdb,4E1G_0_processed.sdf,actives,20,277.428,0,0.999091017,0.001192053,-9.257597515,-0.929154822,-0.462879876,-0.046457741,6.618898119,0.505045448,6.85747964,0.688262831
test282,O=C([O-])Cc1ccc(-c2ccccc2)c(F)c1,4FM5.pdb,4FM5_0_processed.sdf,actives,17,229.23,0,0.999944055,0.000111533,-6.452766425,-0.508767177,-0.379574496,-0.029927481,4.841565268,0.473369253,4.779826982,0.376864575
test283,Fc1ccccc1Nc1ncnc2[nH]ncc12,4GU9.pdb,4GU9_0_processed.sdf,actives,17,229.218,0,0.999946535,0.000106931,-5.967141816,-0.244819024,-0.351008342,-0.014401119,4.589249066,0.329272813,4.420105049,0.181347425
test284,CN1c2ccc(-c3ccc(C(=O)N4CCC(CCO)CC4)cc3)cc2-c2n[nH]cc2S1(=O)=O,4I4E.pdb,4I4E_0_processed.sdf,actives,33,466.563,0,0.999884748,0.000230443,-9.239817412,-0.462995686,-0.279994467,-0.014030172,6.804986068,0.486664434,6.844309194,0.342959768
test285,Brc1cncc(-c2nnn[n-]2)c1,4K8A.pdb,4K8A_0_processed.sdf,actives,12,225.029,0,0.999986291,1.48E-05,-5.565370601,-0.539554699,-0.463780883,-0.044962892,4.240455287,0.380279057,4.122496741,0.399670148
test286,Cc1n[nH]c2c[nH]nc12,4KAB.pdb,4KAB_0_processed.sdf,actives,9,122.131,0,0.001537453,0.001470928,-3.758113432,-0.662253974,-0.417568159,-0.073583775,2.914946726,0.602674538,2.783787727,0.4905585
test287,NS(=O)(=O)c1ccc(-n2nc(C(F)(F)F)cc2-c2ccc(Br)cc2)cc1,6COX.pdb,6COX_0_processed.sdf,actives,26,446.248,0,0.999189579,0.001599644,-10.17117568,-0.808782411,-0.391199065,-0.031107016,7.411516666,0.697084629,7.534204211,0.599098082
test14,O=C([O-])Cn1c(=O)c(=O)[nH]c2cc([N+](=O)[O-])c(-n3cccc3)cc21,1VSO.pdb,1VSO_10_d_processed.sdf,decoys,24,329.248,0,0.993139076,0.01372149,-8.067768339,-0.494518949,-0.336157014,-0.020604956,5.968981675,0.574647834,5.976124695,0.366310333
test15,[NH3+][C@@H](Cn1ccc(=O)n(Cc2ccsc2C(=O)[O-])c1=O)C(=O)[O-],1VSO.pdb,1VSO_11_d_processed.sdf,decoys,23,338.321,0,0.999271905,0.001456189,-8.190054631,-0.396894355,-0.356089332,-0.017256276,5.897919927,0.277919124,6.066707134,0.293995819
test16,O=c1[n-]c2cc([N+](=O)[O-])c([N+](=O)[O-])cc2cc1P(=O)([O-])[O-],1VSO.pdb,1VSO_12_d_processed.sdf,decoys,21,312.11,0,5.86E-06,1.14E-05,-8.233044219,-0.84114064,-0.392049725,-0.040054316,6.289312635,0.615526099,6.098551273,0.623067141
test17,[NH3+][C@@H](Cn1c(=O)[nH]c(=O)c2ccccc21)C(=O)[O-],1VSO.pdb,1VSO_13_d_processed.sdf,decoys,18,249.226,0,0.853379422,0.29323144,-6.262956195,-0.479952865,-0.347942011,-0.026664048,4.674180099,0.356265927,4.639226811,0.355520641
test18,CCN1CCc2c(c([N+](=O)[O-])cc3[nH]c(=O)c(=O)[nH]c23)C1,1VSO.pdb,1VSO_14_d_processed.sdf,decoys,21,290.279,0,0.999762189,0.000446635,-8.058890748,-0.406493559,-0.383756702,-0.019356836,5.904604026,0.369302793,5.969548702,0.30110634
test19,Nc1ccc2c(c1)Cc1c-2[nH]c(=O)c2nc(C(=O)[O-])cn12,1VSO.pdb,1VSO_15_d_processed.sdf,decoys,21,281.251,0,0.984463704,0.030685931,-6.202317963,-0.339225294,-0.295348474,-0.016153585,4.655877931,0.161941628,4.594309602,0.251277995
test20,O=C([O-])c1cn(C[C@H]2CC[C@H]3C[NH2+][C@H](C(=O)[O-])C[C@H]3C2)cn1,1VSO.pdb,1VSO_16_d_processed.sdf,decoys,22,306.342,0,0.800057676,0.399871475,-7.05329034,-0.859957341,-0.320604106,-0.03908897,5.184127467,0.61552654,5.224659511,0.637005438
test21,O=C([O-])c1cn2c3c([nH]c(=O)c2n1)-c1ccc(F)cc1C3,1VSO.pdb,1VSO_17_d_processed.sdf,decoys,21,284.226,0,0.801008433,0.397733828,-6.382454814,-0.50019882,-0.30392642,-0.023818991,4.846553939,0.352082407,4.727744307,0.370517644
test22,[NH3+][C@@H](Cn1c2c(c(=O)[nH]c1=O)CCC2)C(=O)[O-],1VSO.pdb,1VSO_18_d_processed.sdf,decoys,17,239.231,0,0.99329195,0.0134161,-6.318821904,-0.703477905,-0.371695406,-0.041381053,4.670262064,0.507318375,4.680608818,0.521094745
test23,[NH3+][C@@H](Cn1c(=O)[nH]c(=O)c2sccc21)C(=O)[O-],1VSO.pdb,1VSO_19_d_processed.sdf,decoys,17,255.255,0,0.997543931,0.004912138,-6.788612774,-0.724476415,-0.399330163,-0.04261626,5.142719541,0.553088977,5.028602055,0.536649196
test24,[NH3+]Cc1ccn(-c2cc3c(cc2[N+](=O)[O-])[nH]c(=O)c(=O)n3CC(=O)[O-])c1,1VSO.pdb,1VSO_1_d_processed.sdf,decoys,26,359.298,0,0.998282504,0.003373046,-8.034545425,-0.246703114,-0.309020978,-0.009488581,6.00018004,0.375684371,5.95151513,0.182743047
test25,O=c1[nH]c2cc(Cl)c(Cl)cc2cc1P(=O)([O-])[O-],1VSO.pdb,1VSO_20_d_processed.sdf,decoys,17,292.014,0,0.103316849,0.205294534,-6.11842429,-0.374771931,-0.359907311,-0.022045408,4.516202995,0.184556889,4.53216614,0.277608837
test26,O=C([O-])Cn1c(=O)c(=O)[nH]c2cc([N+](=O)[O-])c(-n3ccc(C[NH+]4CCCCC4)c3)cc21,1VSO.pdb,1VSO_2_d_processed.sdf,decoys,31,427.417,0,0.984113038,0.031769216,-9.434009835,-0.632828972,-0.304322898,-0.020413838,6.980420521,0.583190342,6.988155433,0.468762202
test27,C[N@H+](Cc1ccccc1)Cc1ccn(-c2cc3c(cc2[N+](=O)[O-])[nH]c(=O)c(=O)n3CCC(=O)[O-])c1,1VSO.pdb,1VSO_3_d_processed.sdf,decoys,35,477.477,0,0.435879817,0.458713011,-9.05965803,-0.595455927,-0.258847372,-0.017013026,6.822970731,0.753361712,6.7108578,0.441078464
test28,O=C([O-])Cn1c(=O)c(=O)[nH]c2cc([N+](=O)[O-])c(-n3ccc(C[NH+]4CCN(Cc5ccccc5)CC4)c3)cc21,1VSO.pdb,1VSO_4_d_processed.sdf,decoys,38,518.53,0,0.999953604,5.91E-05,-9.787779931,-0.81937185,-0.257573156,-0.021562417,7.258724962,0.763689633,7.250207356,0.606942111
test29,[NH3+][C@@H](Cn1ccc(=O)n(Cc2ccccc2C(=O)[O-])c1=O)C(=O)[O-],1VSO.pdb,1VSO_5_d_processed.sdf,decoys,24,332.292,0,0.900510836,0.181560705,-7.234958441,-0.36521862,-0.301456602,-0.015217443,5.373065676,0.198441852,5.359228475,0.270532311
test30,O=C([O-])Cn1c(=O)c(=O)[nH]c2cc([N+](=O)[O-])c(-n3ccc(C[NH2+]CCCc4ccccc4)c3)cc21,1VSO.pdb,1VSO_6_d_processed.sdf,decoys,35,477.477,0,0.999960613,6.32E-05,-9.791917552,-0.851276193,-0.279769073,-0.024322177,7.469179085,0.813204773,7.253272261,0.630574958
test31,[NH3+][C@@H](Cn1cc(F)c(=O)n(Cc2ccccc2C(=O)[O-])c1=O)C(=O)[O-],1VSO.pdb,1VSO_7_d_processed.sdf,decoys,25,350.282,0,0.601377887,0.250819944,-7.424993103,-0.534547516,-0.296999724,-0.021381901,5.521402563,0.376917288,5.499994891,0.395961123
test32,[NH3+][C@@H](Cn1c(=O)c(=O)[nH]c2ccccc21)C(=O)[O-],1VSO.pdb,1VSO_8_d_processed.sdf,decoys,18,249.226,0,0.980470467,0.039058948,-5.798302245,-0.809946884,-0.322127903,-0.044997049,4.235854353,0.542985037,4.2950387,0.599960655
test33,O=C([O-])Cn1c(=O)c(=O)[nH]c2cc([N+](=O)[O-])c(-n3ccc(C[NH+]4CCC(c5ccccc5)CC4)c3)cc21,1VSO.pdb,1VSO_9_d_processed.sdf,decoys,37,503.515,0,0.573739457,0.463667396,-9.838304104,-0.773955032,-0.265900111,-0.020917704,7.293037619,0.912899139,7.28763267,0.573300024
test38,CCCOC(=O)c1c(NC(=O)c2ccccc2F)sc2c1CCCC2,2AA2.pdb,2AA2_10_d_processed.sdf,decoys,25,361.438,0,1.13E-09,2.20E-09,-8.66873514,-0.754032092,-0.346749406,-0.030161284,6.350496496,0.408744998,6.421285289,0.558542291
test39,CC(C)c1cccc(C(C)C)c1NC(=O)[C@@H](C)Sc1ccc(Cl)nn1,2AA2.pdb,2AA2_11_d_processed.sdf,decoys,25,377.941,0,0.267873903,0.275687881,-9.629186429,-0.81431385,-0.385167457,-0.032572554,7.045054368,0.615154681,7.132730688,0.603195445
test40,O=C(CCc1ccc2c(c1)OCO2)NCCc1ccc(Br)s1,2AA2.pdb,2AA2_12_d_processed.sdf,decoys,22,382.279,0,0.470101331,0.429212629,-7.556086911,-0.646963551,-0.343458496,-0.029407434,5.583420209,0.25905467,5.597101416,0.47923226
test41,Cc1[nH]c2ccccc2c1C(=O)CN1CCN(Cc2ccc3c(c2)OCO3)CC1,2AA2.pdb,2AA2_13_d_processed.sdf,decoys,29,391.471,0,2.69E-09,2.79E-09,-8.77646467,-0.428485927,-0.302636713,-0.014775377,6.506039347,0.311182792,6.501084941,0.317396983
test42,CCCc1ccc(-c2nc(NC(=O)Cc3csc(C)n3)sc2C)cc1,2AA2.pdb,2AA2_14_d_processed.sdf,decoys,25,371.531,0,0.001234681,0.002469287,-9.431034882,-0.858911091,-0.377241395,-0.034356444,6.97437988,0.713464466,6.985951764,0.636230438
test43,O=C(C[C@H]1C[C@H]2CC[C@@H]1C2)[N-]c1nnc(SCc2ccc(F)cc2)s1,2AA2.pdb,2AA2_15_d_processed.sdf,decoys,25,376.502,0,3.44E-09,6.89E-09,-8.151700452,-0.756670092,-0.326068018,-0.030266804,6.302167347,0.623179034,6.038296631,0.560496364
test44,CCCSc1nnc([N-]C(=O)[C@@H]2[C@@H](C=C(Cl)Cl)C2(C)C)s1,2AA2.pdb,2AA2_16_d_processed.sdf,decoys,21,365.331,0,4.71E-15,8.20E-15,-8.972311664,-0.889136682,-0.427252936,-0.042339842,6.676256929,0.741266945,6.646156788,0.658619764
test45,C[C@@H](Oc1ccc(Br)cc1)C(=O)N/N=C/C=C/c1ccccc1,2AA2.pdb,2AA2_17_d_processed.sdf,decoys,23,373.25,0,0.200430222,0.397581221,-7.941525865,-0.967994952,-0.345283733,-0.042086737,5.809419496,0.593970734,5.882611752,0.717033298
test46,CCCNC(=O)[C@H](C)Sc1ncnc2scc(-c3ccc(C)cc3)c12,2AA2.pdb,2AA2_18_d_processed.sdf,decoys,25,371.531,0,2.09E-05,3.89E-05,-8.361537818,-0.804268121,-0.334461513,-0.032170725,6.258429187,0.582969567,6.193731717,0.595754164
test47,O=C(CSc1[nH+]cc2ccccn12)Nc1ccccc1Cc1ccccc1,2AA2.pdb,2AA2_19_d_processed.sdf,decoys,27,374.489,0,5.26E-05,6.96E-05,-8.007437856,-0.552829038,-0.296571772,-0.02047515,6.012089661,0.314842955,5.931435449,0.409502991
test48,CN(Cc1ccccc1)Cc1cccc(-c2nc(C(F)(F)F)cc(=O)[nH]2)c1,2AA2.pdb,2AA2_1_d_processed.sdf,decoys,27,373.378,0,4.43E-07,7.72E-07,-7.830621089,-0.748201415,-0.290023003,-0.027711164,5.910867487,0.532322544,5.800460066,0.55422327
test49,CN(C)C(=O)Sc1ccc(NC(=O)CCc2ccc(Cl)s2)cc1,2AA2.pdb,2AA2_20_d_processed.sdf,decoys,23,368.911,0,2.32E-11,3.04E-11,-8.600522089,-0.608091305,-0.373935743,-0.026438752,6.33779771,0.609326174,6.370757103,0.450438004
test50,Cc1ccccc1[C@H]([NH2+]Cc1c[nH]nc1-c1ccc(F)cc1)c1ccncc1,2AA2.pdb,2AA2_2_d_processed.sdf,decoys,28,373.455,0,3.86E-05,7.72E-05,-9.255550637,-0.876428245,-0.33055538,-0.031301009,6.901135445,0.578402811,6.855963434,0.649206108
test51,Cc1ccc(Nc2nc3ccccn3c(=O)c2/C=N/Cc2cccnc2)cc1,2AA2.pdb,2AA2_3_d_processed.sdf,decoys,28,369.428,0,1.58E-07,2.07E-07,-9.088184381,-0.905565856,-0.324578014,-0.032341638,6.658765861,0.705981982,6.73198843,0.670789523
test52,Clc1ccccc1[C@@H](CNc1nnnn1-c1ccccc1)[NH+]1CCCC1,2AA2.pdb,2AA2_4_d_processed.sdf,decoys,26,369.88,0,0.128254251,0.175997757,-8.234228131,-0.849276748,-0.316701082,-0.03266449,6.236539568,0.606211025,6.099428245,0.629093888
test53,Cc1ccc(C)c(S(=O)(=O)[C@@H](CNC(=O)C(C)(C)C)c2cccs2)c1,2AA2.pdb,2AA2_5_d_processed.sdf,decoys,25,379.547,0,0.118360245,0.161674289,-7.399815345,-0.554099189,-0.295992614,-0.022163968,5.555552891,0.486779485,5.4813447,0.410443844
test54,O=C(NCc1cccs1)c1ccc(SCc2cn3ccccc3[nH+]2)cc1,2AA2.pdb,2AA2_6_d_processed.sdf,decoys,26,380.518,0,2.04E-07,2.25E-07,-8.622523039,-0.402326458,-0.331635501,-0.015474095,6.469833442,0.251855327,6.387054103,0.298019599
test55,Cc1ccc(NC(=O)CSc2[nH+]ccn2Cc2ccc(Cl)cc2)cc1,2AA2.pdb,2AA2_7_d_processed.sdf,decoys,25,372.901,0,0.200688432,0.399008762,-7.451013412,-0.539297404,-0.298040536,-0.021571896,5.44090741,0.225197273,5.519269194,0.399479558
test56,C[C@H](Cc1ccsc1)NC(=O)N(C)Cc1ccc(N2CCCCC2)cc1,2AA2.pdb,2AA2_8_d_processed.sdf,decoys,26,371.55,0,0.196302646,0.392257641,-8.52173669,-1.153404428,-0.327759103,-0.044361709,6.508279528,0.687199365,6.312397548,0.85437365
test57,CCCC[C@H](Br)C(=O)[N-]c1nc2ccc(N(C)C)cc2s1,2AA2.pdb,2AA2_9_d_processed.sdf,decoys,21,369.308,0,0.089479185,0.169026123,-8.837998744,-0.672243197,-0.420857083,-0.032011581,6.499078206,0.442631074,6.546665737,0.497957924
test73,Nn1c(N/N=C/c2ccccc2[N+](=O)[O-])nnc1SCC(=O)Nc1cccc([N+](=O)[O-])c1,2VT4.pdb,2VT4_10_d_processed.sdf,decoys,32,457.432,0,0.000507327,0.001014359,-9.49012646,-1.081915535,-0.296566452,-0.03380986,7.141456059,0.710950436,7.029723304,0.801418915
test75,Cc1n[nH]c(C)c1[C@@H](C)NC(=O)[C@H]1CN(C(=O)c2ccc(-c3ccccc3)o2)CC12CC[NH2+]CC2,2VT4.pdb,2VT4_11_d_processed.sdf,decoys,35,476.601,0,0.737961903,0.388004518,-10.92244906,-0.891039282,-0.312069973,-0.025458265,8.061745031,0.862061775,8.090703011,0.660029098
test77,Cc1ccc(N2C[C@@H](C(=O)Nc3nnc(SCC(=O)Nc4ccc(C(N)=O)cc4)s3)CC2=O)cc1,2VT4.pdb,2VT4_12_d_processed.sdf,decoys,35,510.601,0,0.203482108,0.397005802,-9.750619136,-0.715675076,-0.278589118,-0.020447859,7.377335957,0.530895036,7.222680841,0.530129686
test79,Cc1cccc(N2C(=O)[C@H]3[C@@H](c4ccccc4O)[NH2+][C@@](CC4=c5ccccc5=NC4)(C(=O)[O-])[C@@H]3C2=O)c1,2VT4.pdb,2VT4_13_d_processed.sdf,decoys,37,495.535,0,2.14E-07,4.24E-07,-10.13830664,-1.083446984,-0.274008288,-0.029282351,7.365006447,0.61125182,7.509856769,0.802553321
test81,CC(=O)Nc1[nH]c(SCC(=O)NCc2ccccc2)nc(=O)c1NC(=O)c1cccs1,2VT4.pdb,2VT4_14_d_processed.sdf,decoys,31,457.537,0,0.541134709,0.427193523,-9.601264817,-0.59858779,-0.30971822,-0.019309284,7.218869754,0.602144747,7.112048013,0.443398363
test83,COc1ccc(-c2cc(C(=O)NNC(=S)[N-]C(=O)C3=C(C)ON[C@@H]3c3ccccc3)[nH]n2)cc1,2VT4.pdb,2VT4_15_d_processed.sdf,decoys,34,477.526,0,0.622768943,0.421474817,-10.32972008,-1.083801602,-0.303815296,-0.031876518,7.516695363,0.80632776,7.651644502,0.802816001
test85,CCSc1ncccc1C(=O)N1C[C@H](C(=O)N[C@H](C)c2nc3ccc(C)cc3[nH]2)C2(CC[NH2+]CC2)C1,2VT4.pdb,2VT4_16_d_processed.sdf,decoys,36,507.684,0,0.799900011,0.39994846,-10.54692034,-0.970571067,-0.292970009,-0.026960307,7.959088394,1.056090858,7.812533583,0.718941531
test87,COc1ccc2[nH]cc(CCNC(=O)[C@@H]3CN(C(=O)c4cc(C)n(C)n4)CC34CC[NH2+]CC4)c2c1,2VT4.pdb,2VT4_17_d_processed.sdf,decoys,35,479.605,0,0.49161043,0.423445805,-9.996514586,-0.703203677,-0.285614702,-0.020091534,7.606327466,0.387207201,7.404825619,0.520891613
test89,COc1ccc(C(=O)CSc2nnc(N/N=C/c3c(C)nn(CCO)c3C)n2N)cc1OC,2VT4.pdb,2VT4_18_d_processed.sdf,decoys,33,474.547,0,0.485324076,0.444932401,-11.83582979,-0.962376625,-0.358661509,-0.029162928,8.472172873,0.865444584,8.767281328,0.712871574
test91,CC(=O)c1ccc(NC(=O)CSc2nnc(N/N=C/c3ccc([N+](=O)[O-])cc3)n2N)cc1,2VT4.pdb,2VT4_19_d_processed.sdf,decoys,32,454.472,0,0.588322287,0.42324819,-9.184131442,-0.940741465,-0.287004108,-0.029398171,6.982270445,0.596785299,6.803060327,0.696845529
test92,Cc1ccc2[nH+]c([C@@H](C)NC(=O)[C@@H]3CN(C(=O)c4ccc(N5CCOCC5)nc4)CC34CC[NH2+]CC4)[nH]c2c1,2VT4.pdb,2VT4_1_d_processed.sdf,decoys,39,533.677,0,2.96E-08,5.21E-08,-10.23403235,-0.698449362,-0.262411086,-0.017908958,7.708052158,0.465833013,7.580764702,0.517369898
test95,CC[C@H](C)[C@H](NC(=O)CCC(=O)O)C(=O)N[C@@H](C)C(=O)Nc1ccc2c(C)cc(=O)oc2c1,2VT4.pdb,2VT4_20_d_processed.sdf,decoys,33,459.499,0,0.225251764,0.38921764,-9.051658028,-0.615904855,-0.274292668,-0.018663783,6.76817567,0.527343892,6.704931872,0.456225818
test96,Cc1ccc(N2C(=O)[C@H]3[C@@H](c4ccccc4O)[NH2+][C@@](CC4=c5ccccc5=NC4)(C(=O)[O-])[C@@H]3C2=O)cc1C,2VT4.pdb,2VT4_2_d_processed.sdf,decoys,38,509.562,0,0.218019052,0.392257201,-9.79413649,-0.657841587,-0.257740434,-0.017311621,7.347642285,0.578634555,7.254915919,0.487290065
test98,Nc1nc(C[NH+]2CC[NH+](Cc3ccc4c(c3)OCO4)CC2)nc(Nc2ccc3c(c2)OCCO3)n1,2VT4.pdb,2VT4_3_d_processed.sdf,decoys,35,479.541,0,0.958026779,0.055348199,-8.391726739,-0.409198041,-0.239763621,-0.011691373,6.467802388,0.443635012,6.216093881,0.30310966
test100,Cc1ccc2[nH]cc(CCNC(=O)[C@@H]3CN(C(=O)c4cc(C)oc4C(F)(F)F)CC34CC[NH2+]CC4)c2c1,2VT4.pdb,2VT4_4_d_processed.sdf,decoys,37,517.572,0,0.023101232,0.04113425,-10.71493593,-0.836494474,-0.289592863,-0.022607959,7.937793868,0.64054082,7.93698958,0.619625536
test102,Cc1[nH]c2ccc(C#N)cc2c1CCNC(=O)[C@@H]1CN(C(=O)c2ccncc2)CC12CC[NH2+]CC2,2VT4.pdb,2VT4_5_d_processed.sdf,decoys,35,471.585,0,0.759966626,0.378310338,-11.35007828,-1.264686012,-0.324287951,-0.036133886,8.477324894,0.922791173,8.40746539,0.936804454
test104,Cc1ccc(NS(=O)(=O)Cc2ccccc2)c(=O)n1CC(=O)NC[C@@H]1CCc2nc(N)ncc2C1,2VT4.pdb,2VT4_6_d_processed.sdf,decoys,35,496.593,0,0.644542641,0.406165379,-11.5129993,-0.746896814,-0.328942837,-0.021339909,8.401301725,0.499429235,8.528147629,0.553256899
test106,O=C1[C@H]2[C@@H](c3ccccc3O)N[C@](CC3=c4ccccc4=NC3)(C(=O)[O-])[C@@H]2C(=O)N1c1ccc(F)cc1,2VT4.pdb,2VT4_7_d_processed.sdf,decoys,37,498.49,0,0.000966038,0.001922913,-8.929344882,-0.344301604,-0.241333645,-0.009305449,6.51187597,0.374516716,6.614329542,0.255038225
test108,[NH2+]=C(N/N=C/c1ccc(O)c(O)c1)S[C@H]1CC(=O)N(c2ccc(Br)cc2)C1=O,2VT4.pdb,2VT4_8_d_processed.sdf,decoys,28,464.321,0,0.614622872,0.472522312,-9.070714004,-0.401796295,-0.323954072,-0.014349868,6.74179881,0.434510732,6.71904741,0.297626886
test110,NC(=O)c1ccc(NC(=O)CSc2nnc([N-]C(=O)[C@H]3CC(=O)N(c4ccc(F)cc4)C3)s2)cc1,2VT4.pdb,2VT4_9_d_processed.sdf,decoys,35,513.556,0,0.767615724,0.384610754,-9.683181228,-1.080302401,-0.276662321,-0.030865783,7.318288735,0.905186822,7.172726836,0.800224
test116,COc1cccc([C@H](CNC(=O)C[C@H](NC(N)=O)c2cccc(C)c2)[NH+](C)C)c1,2ZEC.pdb,2ZEC_10_d_processed.sdf,decoys,29,399.515,0,0.000298629,0.000590203,-8.274095259,-0.750580932,-0.28531363,-0.025882101,6.137882437,0.587218851,6.128959451,0.555985876
test118,Cc1ccc2c(Nc3[nH+]cnc(NCC[NH+]4CCOCC4)c3N)cccc2n1,2ZEC.pdb,2ZEC_11_d_processed.sdf,decoys,28,381.484,0,8.27E-06,1.64E-05,-7.640319739,-0.583765009,-0.272868562,-0.02084875,5.609877586,0.509650399,5.659496103,0.432418525
test120,C[C@H]1C[C@H](C)C[NH+](CCNC(=O)C(=O)Nc2ccc(Cl)c(C(N)=O)c2)C1,2ZEC.pdb,2ZEC_12_d_processed.sdf,decoys,26,381.884,0,0.205635389,0.396696804,-7.485085773,-0.79736637,-0.287887914,-0.030667937,5.611449923,0.650144982,5.54450798,0.590641756
test122,COc1cccc(C(=O)NNC(=O)NC[C@@H](c2ccco2)[NH+]2CCCC2)c1O,2ZEC.pdb,2ZEC_13_d_processed.sdf,decoys,28,389.432,0,0.000323681,0.000643507,-6.686349709,-0.933015887,-0.238798204,-0.033321996,4.907181774,0.568374569,4.952851636,0.691122879
test124,Cc1ccnc(-n2c(S[C@@H](C)C(=O)c3c(N)n(C)c(=O)n(C)c3=O)nc3ccccc3c2=O)c1,2ZEC.pdb,2ZEC_14_d_processed.sdf,decoys,34,478.534,0,5.87E-11,1.15E-10,-8.460268276,-0.427785672,-0.24883142,-0.012581932,6.202842985,0.277266689,6.26686539,0.316878276
test126,CCN(CC)c1ccc(/C=N/[N-]C(=O)c2c(C[NH+](CC)CC)nnn2-c2nonc2N)c(O)c1,2ZEC.pdb,2ZEC_15_d_processed.sdf,decoys,34,470.538,0,0.339273949,0.34149028,-9.114122936,-0.794754192,-0.268062439,-0.023375123,6.922249045,0.714778315,6.751202175,0.588706809
test128,O=C([C@@H]1C[C@@H](O)C2=[NH+]c3ccccc3CN21)N(c1ccccc1O)S(=O)(=O)Oc1ccccc1,2ZEC.pdb,2ZEC_16_d_processed.sdf,decoys,34,480.522,0,0.199979481,0.399958463,-8.413144653,-0.541449922,-0.247445431,-0.015924998,6.286961147,0.32371551,6.231959002,0.401074017
test130,O=C(CSc1n[nH]c(N/N=C/c2ccc(O)cc2O)n1)Nc1ccc(Cl)c(C(F)(F)F)c1,2ZEC.pdb,2ZEC_17_d_processed.sdf,decoys,32,486.863,0,9.61E-12,1.81E-11,-8.196138157,-0.570805025,-0.256129317,-0.017837657,6.345899309,0.640363039,6.07121345,0.422818537
test132,CCCn1c(N)c(C(=O)CN(C)CC(=O)Nc2c(C)cc(C)cc2C)c(=O)[nH]c1=O,2ZEC.pdb,2ZEC_18_d_processed.sdf,decoys,30,415.494,0,0.026556839,0.029758402,-7.525256835,-0.699143711,-0.250841894,-0.02330479,5.289193903,0.467881238,5.574264322,0.517884231
test134,C[N@@H+](CC(N)=O)CC(=O)Nc1ccc(NC(=O)c2ccco2)cc1C(F)(F)F,2ZEC.pdb,2ZEC_19_d_processed.sdf,decoys,28,399.349,0,1.69E-06,3.31E-06,-7.107769408,-0.432340995,-0.253848907,-0.01544075,5.261180196,0.398802778,5.265014376,0.320252589
test135,Cc1cccc(NC(=O)C[NH+]2CC[NH+]([C@@H](C)C(=O)Nc3sccc3C(N)=O)CC2)c1C,2ZEC.pdb,2ZEC_1_d_processed.sdf,decoys,31,445.589,0,1.25E-07,2.46E-07,-8.172233697,-0.740594041,-0.263620442,-0.02389013,5.850736141,0.733528661,6.053506442,0.548588178
test138,COc1ccc(Cn2nnnc2[C@@H](c2cc3cc(OC)ccc3[nH]c2=O)[NH+]2CCC(O)CC2)cc1,2ZEC.pdb,2ZEC_20_d_processed.sdf,decoys,35,477.545,0,2.60E-07,4.93E-07,-8.371473517,-0.636168824,-0.239184958,-0.018176252,6.174450125,0.489940953,6.201091494,0.471236166
test139,COCCNC(=O)[C@H](c1ccc2ncccc2c1)N(CCOC)C(=O)c1snc(C(N)=O)c1N,2ZEC.pdb,2ZEC_2_d_processed.sdf,decoys,34,486.554,0,0.944175625,0.107822174,-9.353251495,-0.544545327,-0.275095632,-0.016016039,6.970555578,0.561909925,6.928334441,0.403366909
test141,COCCNC(=O)[C@H](c1ccc(OC)cc1)N(C(=O)c1snc(C(N)=O)c1N)C1CCCC1,2ZEC.pdb,2ZEC_3_d_processed.sdf,decoys,33,475.571,0,0.999895656,0.000132846,-9.226578641,-0.859900279,-0.279593292,-0.026057584,6.835605008,0.608456338,6.834502697,0.636963169
test143,COc1cccc([C@@H](CNC(=O)C[C@H](NC(N)=O)c2cccc(C)c2)[NH+](C)C)c1,2ZEC.pdb,2ZEC_4_d_processed.sdf,decoys,29,399.515,0,5.42E-06,7.52E-06,-6.860804445,-0.582726484,-0.236579464,-0.020094017,5.093242509,0.56733177,5.082077367,0.431649247
test145,C[C@@H]1CCC[N@H+](C(C)(C)CNC(=O)C(=O)Nc2ccc(Cl)c(C(N)=O)c2)C1,2ZEC.pdb,2ZEC_5_d_processed.sdf,decoys,27,395.911,0,2.20E-05,4.40E-05,-8.028941386,-0.594623794,-0.297368199,-0.022023103,5.900581564,0.419524167,5.94736399,0.440462069
test147,COC(=O)c1[nH]c2cccc(O)c2c1NC(=O)C[NH+]1CCC(C(N)=O)CC1,2ZEC.pdb,2ZEC_6_d_processed.sdf,decoys,27,375.405,0,1.27E-05,2.52E-05,-6.013534575,-0.985802899,-0.222723503,-0.036511218,4.370731933,0.753957727,4.454470055,0.73022437
test149,O=C1CN(NC(=O)c2cc(=O)[nH]c3ccc(S(=O)(=O)Nc4ccc(F)cc4)cc23)C(=O)[N-]1,2ZEC.pdb,2ZEC_7_d_processed.sdf,decoys,32,458.407,0,1.49E-06,2.94E-06,-8.859353757,-0.81268637,-0.276854805,-0.025396449,6.615394797,0.592508634,6.562484264,0.601989904
test151,NC(=O)c1c(Nc2nc(NCCOCCO)nc3c2cnn3-c2ccccc2)sc2c1CCC2,2ZEC.pdb,2ZEC_8_d_processed.sdf,decoys,34,479.566,0,0.043228659,0.086457273,-8.343855194,-0.688613075,-0.245407506,-0.020253326,6.772793361,0.549845161,6.180633477,0.510083759
test153,CC(C)(C)NC(=O)[C@@H](c1ccc(Cl)cc1)N(Cc1ccccc1F)C(=O)c1snc(C(N)=O)c1N,2ZEC.pdb,2ZEC_9_d_processed.sdf,decoys,35,518.014,0,0.433410687,0.465784971,-10.5349396,-0.929671038,-0.300998274,-0.02656203,7.836966106,0.676544634,7.803658962,0.688645213
test154,Cc1nn(C)c2ncc(S(=O)(=O)[N-]c3cccc(C(=O)[O-])c3)cc12,3BKL.pdb,3BKL_10_d_processed.sdf,decoys,24,344.352,0,0.035281353,0.070561897,-8.494194511,-0.498456579,-0.353924771,-0.020769024,6.350103174,0.393394418,6.291995934,0.369227096
test155,Cc1nn(C)c2ncc(S(=O)(=O)[N-]c3ccc(C(=O)[O-])cc3)cc12,3BKL.pdb,3BKL_11_d_processed.sdf,decoys,24,344.352,0,1.22E-06,2.23E-06,-7.904705235,-0.521080754,-0.329362718,-0.021711698,5.947753157,0.390739978,5.855337211,0.385985744
test156,O=C([O-])c1cc(C(=O)[O-])cc(N2C(=O)C[C@@H](N3CCOCC3)C2=O)c1,3BKL.pdb,3BKL_12_d_processed.sdf,decoys,25,346.295,0,0.598397267,0.488491121,-10.06727092,-0.255112498,-0.402690837,-0.0102045,7.486249583,0.19303877,7.45723772,0.18897222
test157,Cc1cccc(NC(=O)CN2C(=O)N/C(=C/c3ccc(OCc4ccccc4C(=O)[O-])cc3)C2=O)c1,3BKL.pdb,3BKL_13_d_processed.sdf,decoys,36,484.488,0,0.12050437,0.240885542,-11.71098991,-0.846001418,-0.325305275,-0.023500039,8.905535562,0.5694241,8.674807344,0.626667717
test158,COc1cc(/C=N/Nc2nc(SCc3nnc(C(C)(C)C)o3)n[nH]2)cc([N+](=O)[O-])c1[O-],3BKL.pdb,3BKL_14_d_processed.sdf,decoys,31,447.457,0,0.201307672,0.39935182,-13.33472651,-0.605910876,-0.430152468,-0.019545512,9.823607581,0.282467365,9.877575193,0.448822871
test159,COc1cc(/C=C/C(=O)c2c([O-])n(C)c(=O)n(C)c2=O)cc([N+](=O)[O-])c1[O-],3BKL.pdb,3BKL_15_d_processed.sdf,decoys,27,375.293,0,0.799495543,0.399748906,-10.65308772,-0.867317218,-0.394558804,-0.03212286,7.728314877,0.545825319,7.891176088,0.642457199
test160,CCOC(=O)c1sc(NC(=O)CSc2nc([O-])c(NC(C)=O)c(=O)[nH]2)nc1-c1ccccc1,3BKL.pdb,3BKL_16_d_processed.sdf,decoys,33,488.527,0,0.005094489,0.006729655,-11.90387768,-0.993299495,-0.360723566,-0.030099985,8.922870227,0.698330739,8.817687171,0.735777404
test161,CCCn1c(SCC(=O)Nc2cc(C(=O)[O-])cc(C(=O)[O-])c2)nc2sc(CC)cc2c1=O,3BKL.pdb,3BKL_17_d_processed.sdf,decoys,32,473.532,0,0.849064296,0.301492047,-13.48196526,-0.94934253,-0.421311414,-0.029666954,9.851333482,0.680450817,9.98664093,0.703216689
test162,CCOC(=O)C1=C2CC[C@H](C)C[C@@H]2S[C@@H]1NC(=O)CSc1nnc(CCC(=O)[O-])c([O-])n1,3BKL.pdb,3BKL_18_d_processed.sdf,decoys,32,480.568,0,0.996219575,0.006195843,-11.43501406,-0.588860425,-0.357344189,-0.018401888,8.419803006,0.532194957,8.470380783,0.436192907
test163,O=[N+]([O-])c1ccc([O-])c(/C=N/Nc2nc(SCc3nnc(-c4ccc(F)cc4)o3)n[nH]2)c1,3BKL.pdb,3BKL_19_d_processed.sdf,decoys,32,455.411,0,2.71E-06,5.41E-06,-10.05014329,-0.615099081,-0.314066978,-0.019221846,7.976760387,0.467729388,7.444550582,0.455628949
test164,Cn1cc([C@H](C(=O)[O-])N2CCN(C=O)CC2)c2ccc(C(=O)[O-])cc21,3BKL.pdb,3BKL_1_d_processed.sdf,decoys,25,343.339,0,0.615646419,0.403213396,-9.347632834,-0.977562966,-0.373905313,-0.039102519,7.101365294,0.603208064,6.92417247,0.724120715
test165,O=C([O-])COc1ccc(/C=N/NC(=O)c2cccc(S(=O)(=O)[N-]c3ccc(Cl)cc3)c2)cc1,3BKL.pdb,3BKL_20_d_processed.sdf,decoys,33,485.905,0,0.567747457,0.464054712,-13.02872294,-1.537225507,-0.394809786,-0.046582591,9.868001257,1.262824936,9.650905882,1.138685561
test166,O=C([N-]S(=O)(=O)c1ccc(Cl)s1)c1ccc(C(=O)[O-])nc1,3BKL.pdb,3BKL_2_d_processed.sdf,decoys,21,344.757,0,0.483458953,0.392664127,-9.371091005,-0.72590457,-0.446242429,-0.034566884,6.867228985,0.468911287,6.941548892,0.537707089
test167,O=P([O-])([O-])OC[C@@H]1O[C@@H](n2cnc3c2ncn2ccnc32)C[C@@H]1O,3BKL.pdb,3BKL_3_d_processed.sdf,decoys,24,353.231,0,0.058002802,0.115999206,-7.249886268,-0.81293721,-0.302078594,-0.033872384,5.546770232,0.661131217,5.370286124,0.602175711
test168,O=C(Nc1ccc(Cl)c(S(=O)(=O)[N-]c2ccc(Cl)cc2)c1)[C@H]1CC=CC[C@H]1C(=O)[O-],3BKL.pdb,3BKL_4_d_processed.sdf,decoys,30,467.33,0,0.996996737,0.005997888,-8.493119206,-0.722351347,-0.283103974,-0.024078378,6.446204117,0.676004781,6.291199412,0.535075072
test169,O=P([O-])([O-])OC[C@@H]1O[C@@H](n2cnc3c2ncn2ccnc32)C[C@H]1O,3BKL.pdb,3BKL_5_d_processed.sdf,decoys,24,353.231,0,0.000356417,0.000712142,-7.165616012,-0.771700288,-0.298567334,-0.032154179,5.542751108,0.596810113,5.307863712,0.571629843
test170,O=C([O-])CCNS(=O)(=O)c1ccc(NC(=O)c2ccccc2OCc2ccccc2Cl)cc1,3BKL.pdb,3BKL_6_d_processed.sdf,decoys,33,487.941,0,0.447509164,0.453804349,-10.68945535,-1.314226285,-0.323922889,-0.039825039,7.970698833,0.856486166,7.918115071,0.973500952
test171,O=C([O-])c1cc(Br)cc(S(=O)(=O)[N-]c2cnccn2)c1F,3BKL.pdb,3BKL_7_d_processed.sdf,decoys,21,374.147,0,5.61E-08,1.11E-07,-8.486981147,-0.591061226,-0.404141959,-0.028145773,6.31966441,0.41468163,6.286652701,0.43782313
test172,Cc1ccsc1C(=O)N[N-]S(=O)(=O)c1cc(C(=O)[O-])cs1,3BKL.pdb,3BKL_8_d_processed.sdf,decoys,21,344.395,0,0.208097023,0.39573009,-8.202747151,-0.917467885,-0.390607007,-0.043688947,6.146248136,0.535326212,6.076109001,0.679605841
test173,N#Cc1ccccc1CS(=O)(=O)Nc1cccc(S(=O)(=O)Nc2ccccc2C(=O)[O-])c1,3BKL.pdb,3BKL_9_d_processed.sdf,decoys,32,470.508,0,0.399890476,0.489691777,-9.676935482,-0.968252696,-0.302404234,-0.030257897,7.460370472,0.758989641,7.168100357,0.717224219
test175,Nc1nc(SCC(=O)/N=c2\sccn2Cc2ccccc2Cl)n[nH]1,3BZ3.pdb,3BZ3_10_d_processed.sdf,decoys,24,380.886,0,0.000170124,0.000274106,-7.945535016,-0.836283222,-0.331063959,-0.034845134,5.918965135,0.53311003,5.885581493,0.619469053
test176,Cc1ccc(N2C(=O)/C(=C\c3ccc(-c4ccc(S(N)(=O)=O)cc4)o3)SC2=S)cc1,3BZ3.pdb,3BZ3_11_d_processed.sdf,decoys,30,456.57,0,1.61E-11,3.22E-11,-9.97062054,-0.548329633,-0.332354018,-0.018277654,7.517338889,0.534820753,7.385644845,0.406170098
test177,C[NH+](CCN1C(=O)c2cccc3cc(N)cc(c23)C1=O)CCN1C(=O)c2cccc3cc(N)cc(c23)C1=O,3BZ3.pdb,3BZ3_12_d_processed.sdf,decoys,38,508.558,0,7.34E-20,6.57E-20,-9.22317901,-0.731121928,-0.242715237,-0.019240051,6.826082025,0.559514635,6.831984452,0.541571798
test178,O=C(NCC(F)(F)F)NNC(=O)c1ccc2noc(-c3ccccc3)c2c1,3BZ3.pdb,3BZ3_13_d_processed.sdf,decoys,27,378.31,0,6.18E-09,5.34E-09,-8.085435421,-0.411766702,-0.299460571,-0.015250619,6.154989311,0.34599113,5.989211423,0.305012372
test179,CN1c2ccccc2N[C@H]1CCc1cccc([N-]S(=O)(=O)c2cnc[nH]2)c1,3BZ3.pdb,3BZ3_14_d_processed.sdf,decoys,27,382.469,0,0.026187823,0.048066682,-8.21785513,-0.892781449,-0.304365005,-0.03306598,5.987646852,0.780486807,6.087300096,0.661319592
test180,O=C(NCc1n[nH]c(-c2cccs2)n1)N[C@@H](c1ccccc1)c1ccco1,3BZ3.pdb,3BZ3_15_d_processed.sdf,decoys,27,379.445,0,4.41E-16,8.77E-16,-9.020148723,-0.343214452,-0.334079582,-0.012711646,6.659800325,0.354441898,6.681591647,0.254232927
test181,C[NH+]1CCN(CCCNC(=O)Nc2c(-c3ccc(Cl)cc3)nn(-c3ccc(F)cc3)c2N)CC1,3BZ3.pdb,3BZ3_16_d_processed.sdf,decoys,34,487.003,0,2.05E-11,2.88E-11,-8.853246689,-0.581113974,-0.260389608,-0.017091587,6.493762084,0.367741736,6.55796051,0.430454796
test182,CC1=C(C(=O)N2C[C@@H](C(=O)NCCc3c[nH]c4ccccc34)C3(CC[NH2+]CC3)C2)[C@@H](c2cc(C)on2)ON1,3BZ3.pdb,3BZ3_17_d_processed.sdf,decoys,38,519.626,0,2.70E-11,5.29E-11,-10.43448735,-0.399513354,-0.274591772,-0.010513509,7.518997874,0.35100013,7.729249886,0.295935818
test183,Cc1nc(-c2ccc3c(c2)CCN3C(=O)CSc2nc(N)c3ccsc3n2)cs1,3BZ3.pdb,3BZ3_18_d_processed.sdf,decoys,29,439.591,0,3.99E-07,7.97E-07,-9.557890647,-1.005209295,-0.329582436,-0.034662389,7.129784039,0.735602117,7.079918998,0.744599478
test184,CCC(=O)N[C@@H](C(=O)NNC(=O)c1oc2ccccc2c1C)c1ccccc1,3BZ3.pdb,3BZ3_19_d_processed.sdf,decoys,28,379.416,0,7.89E-06,1.58E-05,-7.721533748,-0.656642222,-0.275769062,-0.023451508,5.79252788,0.426798589,5.719654628,0.486401646
test185,Cc1ccc2nc3c(c(C(=O)O[C@H](C(=O)NC(N)=O)C(C)C)c2c1)CCCC3,3BZ3.pdb,3BZ3_1_d_processed.sdf,decoys,28,383.448,0,0.000241931,0.000474268,-9.350439681,-0.879241629,-0.333944274,-0.031401487,6.875772885,0.423678638,6.926251616,0.651290095
test186,CC(C)[C@H](NC(=O)[C@H]1CN(C(=O)c2ccc(Cl)cc2Cl)CC12CC[NH2+]CC2)C(=O)NC(C)(C)C,3BZ3.pdb,3BZ3_20_d_processed.sdf,decoys,34,512.502,0,9.33E-05,0.000186663,-9.954547242,-0.519378847,-0.292780801,-0.015275848,7.472301688,0.601178425,7.373738698,0.384725072
test187,O=C1c2n[nH]c(-c3ccccc3O)c2[C@@H](c2cccc(Br)c2)N1C[C@H]1CCCO1,3BZ3.pdb,3BZ3_2_d_processed.sdf,decoys,29,454.324,0,2.28E-08,4.54E-08,-9.696337877,-0.840853173,-0.334356479,-0.028994937,7.047518798,0.421934517,7.182472501,0.622854202
test188,O=C(CSc1n[nH]c([N-]N=C2CCCCC2)n1)Nc1cc(F)ccc1F,3BZ3.pdb,3BZ3_3_d_processed.sdf,decoys,26,379.416,0,0.998756015,0.002486718,-8.866263924,-0.799502004,-0.341010151,-0.030750077,6.63016367,0.750458134,6.567602907,0.592223707
test189,CCCn1c([O-])c([C@@H]2[NH2+]CCc3c2[nH]c2ccccc32)c(=O)n(CCC)c1=O,3BZ3.pdb,3BZ3_4_d_processed.sdf,decoys,28,382.464,0,2.19E-09,3.65E-09,-8.282021969,-0.679870483,-0.295786499,-0.024281089,6.180716174,0.422691046,6.134831088,0.503607765
test190,Nn1c(SCC(=O)N2CCc3ccccc32)nc2scc(-c3ccccc3)c2c1=O,3BZ3.pdb,3BZ3_5_d_processed.sdf,decoys,30,434.546,0,0.399849485,0.489693123,-9.405510889,-0.458013643,-0.31351703,-0.015267121,7.093601363,0.271057226,6.967045103,0.339269365
test191,CNC(=O)c1ccc(/C=C/C(=O)NNC(=O)c2oc3ccccc3c2C)cc1,3BZ3.pdb,3BZ3_6_d_processed.sdf,decoys,28,377.4,0,0.415233015,0.462297269,-8.354564748,-0.720574543,-0.298377312,-0.025734805,6.284505708,0.487530153,6.18856648,0.533758921
test192,C=CCN1C(=O)[C@@]2(C(C#N)=C(N)N(c3ccc(Cl)cc3)C3=CCCC(O)=C32)c2ccccc21,3BZ3.pdb,3BZ3_7_d_processed.sdf,decoys,33,456.933,0,5.49E-13,4.51E-13,-9.555901888,-0.484368641,-0.289572784,-0.014677838,7.17078277,0.464835281,7.078445843,0.358791586
test193,C[C@@H]1[C@@H](C)CCC[C@H]1[NH2+]CC(=O)Nc1ccc([N+](=O)[O-])cc1C(=O)Nc1ccc2c(c1)OCCO2,3BZ3.pdb,3BZ3_8_d_processed.sdf,decoys,35,483.545,0,0.000306432,0.000612636,-9.120152388,-0.86083926,-0.260575783,-0.024595407,6.85625955,0.58203928,6.755668436,0.637658711
test194,COc1ccc2[nH]cc(CCNC(=O)[C@H]3CN(C(=O)c4ccc(Cl)c(Cl)c4)CC34CC[NH2+]CC4)c2c1,3BZ3.pdb,3BZ3_9_d_processed.sdf,decoys,36,530.476,0,1.78E-18,2.10E-18,-9.54290139,-0.613269945,-0.265080594,-0.017035276,7.343942233,0.397573069,7.068815844,0.454274034
test195,C=CCN[C@H]1SC=C(c2ccc(OC)cc2)N1NC(=O)COc1ccc(Br)cc1,3CCW.pdb,3CCW_10_d_processed.sdf,decoys,29,476.396,0,0.250815315,0.377441317,-6.827618684,-0.737585074,-0.235435127,-0.025433968,5.014567307,0.413185226,5.057495322,0.546359314
test196,CCOC(=O)c1c(NC(=O)CSc2nnc(CCC(=O)[O-])c([O-])n2)sc(C(=O)NC)c1C,3CCW.pdb,3CCW_11_d_processed.sdf,decoys,32,481.512,0,1.96E-05,3.73E-05,-6.858171129,-0.789327532,-0.214317848,-0.024666485,4.84442922,0.620691157,5.080126762,0.584687061
test197,C=CCOc1ccc(C(=O)C2=C(O)C(=O)N(CCOCCO)[C@@H]2c2ccc(OCC)c(OCC)c2)c(C)c1,3CCW.pdb,3CCW_12_d_processed.sdf,decoys,38,525.598,0,1.58E-06,2.90E-06,-7.943552327,-0.537949324,-0.209040851,-0.014156561,5.835802964,0.469245902,5.884112835,0.39848098
test198,O=C(CSc1nc2ccccc2c(=O)n1CCCO)Nc1ccccc1Sc1ccccc1,3CCW.pdb,3CCW_13_d_processed.sdf,decoys,33,477.611,0,0.246480346,0.263622125,-7.231839752,-0.728420757,-0.219146659,-0.022073356,5.607434681,0.468921954,5.356918335,0.539570931
test199,C=CCOc1cccc(C(=O)C2=C(O)C(=O)N(CCCO)[C@@H]2c2ccc(OCCCCC)c(OCC)c2)c1,3CCW.pdb,3CCW_14_d_processed.sdf,decoys,38,523.626,0,0.390496524,0.462031935,-7.468743856,-0.686076646,-0.196545891,-0.018054649,5.585906301,0.568795095,5.532402856,0.508204923
test200,CCOc1cc([C@H]2C(C(=O)c3ccc(OC(C)C)c(C)c3)=C([O-])C(=O)N2CCO)ccc1OCCC(C)C,3CCW.pdb,3CCW_15_d_processed.sdf,decoys,38,524.634,0,0.059512705,0.118034652,-7.698413719,-0.673063202,-0.202589835,-0.01771219,5.632978235,0.550326677,5.702528681,0.498565335
test201,CCCCCCOc1ccc([C@H]2c3c(n[nH]c3-c3cc(Cl)ccc3O)C(=O)N2CCCOC)cc1OC,3CCW.pdb,3CCW_16_d_processed.sdf,decoys,37,528.049,0,1.06E-10,1.28E-10,-7.730299146,-0.470440247,-0.208927004,-0.012714601,5.572721958,0.244537082,5.726147515,0.348474257
test202,O=C(NCCc1c[nH]c2ccccc12)/C(=C/c1cccs1)NC(=O)c1ccco1,3CCW.pdb,3CCW_17_d_processed.sdf,decoys,29,405.479,0,6.23E-05,0.000120634,-6.195588592,-0.811682194,-0.213640986,-0.027989041,4.582095453,0.603795202,4.589324883,0.60124607
test203,C=CCOc1cccc(C(=O)C2=C(O)C(=O)N(CCCO)[C@@H]2c2ccc(OCCC(C)C)c(OCC)c2)c1,3CCW.pdb,3CCW_18_d_processed.sdf,decoys,38,523.626,0,0.0006517,0.001279695,-8.340216923,-0.919103261,-0.219479393,-0.024186928,6.145805495,0.486629629,6.177938461,0.68081723
test204,C=CCOc1ccc(C(=O)C2=C(O)C(=O)N(CCCC)[C@H]2c2cc(C(C)(C)C)c(O)c(C(C)(C)C)c2)cc1,3CCW.pdb,3CCW_19_d_processed.sdf,decoys,38,519.682,0,0.180986784,0.361606069,-8.115123705,-0.773402976,-0.213555887,-0.02035271,6.147278241,0.548542769,6.011202744,0.572891093
test205,C=CCOc1ccc(C(=O)C2=C([O-])C(=O)N(CCCO)[C@H]2c2ccc(OCCC(C)C)c(OCC)c2)cc1C,3CCW.pdb,3CCW_1_d_processed.sdf,decoys,39,536.645,0,0.246438764,0.331850814,-8.449845641,-0.569743549,-0.216662709,-0.014608809,6.263214452,0.360903723,6.259144919,0.422032258
test206,CCCCOc1cccc(/C([O-])=C2/C(=O)C(=O)N(CCOCCO)[C@H]2c2cccc(Br)c2)c1,3CCW.pdb,3CCW_20_d_processed.sdf,decoys,33,517.396,0,0.000329889,0.000496656,-7.05371888,-1.125936815,-0.213749057,-0.034119297,5.344914777,0.637306044,5.224976948,0.83402727
test207,C=CCOc1ccc([C@H]2C(C(=O)c3cccc(OCCCC)c3)=C([O-])C(=O)N2CCOCCO)cc1OC,3CCW.pdb,3CCW_2_d_processed.sdf,decoys,38,524.59,0,0.08418522,0.106313506,-8.062914337,-0.559756993,-0.212181956,-0.014730447,6.164017405,0.489378872,5.972529139,0.414634809
test208,COc1ccc(C(=O)N(CCCNC(=O)c2nc(=O)c3ccccc3[nH]2)Cc2ccccc2)cc1[N+](=O)[O-],3CCW.pdb,3CCW_3_d_processed.sdf,decoys,38,515.526,0,0.597898757,0.487969618,-8.014978879,-0.577417128,-0.210920497,-0.015195188,6.2470041,0.561681589,5.937021392,0.427716391
test209,COc1cc([C@@H]2c3c(-c4cc(Cl)ccc4O)n[nH]c3C(=O)N2CCCOC(C)C)ccc1OCC(C)C,3CCW.pdb,3CCW_4_d_processed.sdf,decoys,37,528.049,0,1.36E-11,1.73E-11,-8.230997709,-0.716021288,-0.222459398,-0.019351927,6.158980165,0.685591245,6.09703534,0.530386139
test210,O=C(NCCCC(=O)N(Cc1ccc(Cl)c(Cl)c1)Cc1ccccn1)NC1CCCCC1,3CCW.pdb,3CCW_5_d_processed.sdf,decoys,32,477.436,0,0.646691206,0.416950608,-7.937283775,-0.655877693,-0.248040118,-0.020496178,5.874190331,0.330540879,5.879469463,0.485835328
test211,CCCCCCOc1ccc([C@@H]2c3c(n[nH]c3-c3cc(Cl)ccc3O)C(=O)N2CCCOC)cc1OC,3CCW.pdb,3CCW_6_d_processed.sdf,decoys,37,528.049,0,5.91E-08,1.17E-07,-8.003512573,-0.721450639,-0.216311151,-0.019498666,5.881973335,0.646452997,5.928527832,0.534407881
test212,CCCOc1ccc([C@H]2C[NH2+][C@@H](c3cc(OC)ccc3OC)c3[nH]c4ccccc4c32)cc1OCC,3CCW.pdb,3CCW_7_d_processed.sdf,decoys,36,487.62,0,0.16286671,0.325151161,-8.656232612,-0.659743451,-0.240450906,-0.018326207,5.969512803,0.555594276,6.412024157,0.488698852
test213,CCCCOc1ccc([C@H]2c3c(n[nH]c3-c3cc(Cl)ccc3O)C(=O)N2CCCOC(C)C)cc1OC,3CCW.pdb,3CCW_8_d_processed.sdf,decoys,37,528.049,0,7.86E-12,1.48E-11,-7.313624842,-0.89548431,-0.197665536,-0.024202279,5.560025351,0.445777181,5.417499883,0.663321711
test214,O=C(NCCc1cc2ccccc2[nH]1)/C(=C/c1cccnc1)NC(=O)c1ccccc1,3CCW.pdb,3CCW_9_d_processed.sdf,decoys,31,410.477,0,9.41E-05,0.000188254,-6.026031125,-0.740055825,-0.194388101,-0.023872769,4.685943672,0.336498957,4.463726759,0.5481895
test221,Cc1cc(C(=O)N/N=C/c2cccc3ccccc23)c(C)o1,3KBA.pdb,3KBA_10_d_processed.sdf,decoys,22,292.338,0,0.265751766,0.34156129,-9.256169813,-0.653837401,-0.420734992,-0.029719882,6.912617956,0.285014185,6.856422084,0.484324001
test222,Cc1ccc(-c2nc3ncccn3c2Nc2ccc(C)cc2C)cc1,3KBA.pdb,3KBA_11_d_processed.sdf,decoys,25,328.419,0,0.027021989,0.03166991,-9.442419985,-0.451274061,-0.377696799,-0.018050962,6.948435238,0.404991854,6.994385174,0.334277082
test223,Cc1cc(C)c(-c2ccnc(Nc3ccccc3C#N)n2)c(C)c1,3KBA.pdb,3KBA_12_d_processed.sdf,decoys,24,314.392,0,0.41418954,0.477934112,-9.010382601,-0.703329516,-0.375432608,-0.029305397,6.759800979,0.524428331,6.674357482,0.520984827
test224,Cc1cccc(CC[C@H]2NCCc3c2sc2ncnn32)c1,3KBA.pdb,3KBA_13_d_processed.sdf,decoys,21,298.415,0,0.0001151,0.000204884,-8.697425549,-0.855497766,-0.414163121,-0.040737989,6.269814355,0.5845729,6.442537444,0.633702049
test225,O=S(=O)(Oc1ccc2ccc(O)cc2c1)c1ccc(Cl)cc1,3KBA.pdb,3KBA_14_d_processed.sdf,decoys,22,334.78,0,0.428937733,0.461073675,-8.507215977,-0.39490195,-0.386691635,-0.017950089,6.381876741,0.300412155,6.301641464,0.292519963
test226,Cc1ccc(Nc2nn(-c3ccccc3)c3c2C(=O)C[C@H](C)C3)cc1C,3KBA.pdb,3KBA_15_d_processed.sdf,decoys,26,345.446,0,0.039591684,0.079081075,-9.841249262,-0.629149829,-0.378509587,-0.02419807,7.209586825,0.491749512,7.289814268,0.46603691
test227,Cc1ccn2c(Nc3ccccc3C)c(-c3ccc(C)o3)nc2c1,3KBA.pdb,3KBA_16_d_processed.sdf,decoys,24,317.392,0,0.996670425,0.0066576,-9.186780667,-0.487431697,-0.382782528,-0.020309654,6.940307617,0.274611109,6.805022717,0.361060516
test228,Cc1ccc([C@H]2C[C@H](c3ccc(C(C)C)cc3)n3ncnc3N2)cc1,3KBA.pdb,3KBA_17_d_processed.sdf,decoys,25,332.451,0,4.77E-08,3.65E-08,-8.969894089,-0.899097641,-0.358795764,-0.035963906,6.791988713,0.719776596,6.644365992,0.665998252
test229,O=C(N/N=C/c1ccc2ccc3cccc4ccc1c2c34)c1cccnc1,3KBA.pdb,3KBA_18_d_processed.sdf,decoys,27,349.393,0,0.037162742,0.073935343,-10.25568403,-1.135994705,-0.379840149,-0.042073878,7.606156009,0.774923101,7.596802984,0.841477559
test230,CC(C)SC1=NN/C(=C2\C=Nc3ccccc32)N1C1CC1,3KBA.pdb,3KBA_19_d_processed.sdf,decoys,21,298.415,0,0.390576614,0.44658387,-8.858812012,-0.545594765,-0.421848191,-0.025980703,6.60817228,0.381827299,6.562082972,0.40414427
test231,O=C1S[C@@H](Nc2cccc3ccccc23)C(=O)N1c1ccccc1,3KBA.pdb,3KBA_1_d_processed.sdf,decoys,24,334.4,0,0.197553118,0.391560314,-9.495338283,-1.036976763,-0.395639095,-0.043207365,7.008765289,0.659550183,7.033583914,0.768130936
test232,Cc1ccc2nc(-c3ccccn3)c(Nc3ccc(Cl)cc3)n2c1,3KBA.pdb,3KBA_20_d_processed.sdf,decoys,24,334.81,0,0.092444995,0.184866693,-9.139447924,-0.680713558,-0.38081033,-0.028363065,6.801737717,0.474254446,6.769961425,0.504232265
test233,Cc1ccc(-c2c(CO)nnn2-c2ccc(C)c(C)c2)cc1,3KBA.pdb,3KBA_2_d_processed.sdf,decoys,22,293.37,0,0.539553638,0.439201591,-9.105444258,-0.535644559,-0.41388383,-0.02434748,6.698655742,0.232715737,6.744773524,0.396773748
test234,Cc1ccccc1[C@@H]1Nc2c(C)cc([N+](=O)[O-])cc2[C@H]2C=CC[C@H]21,3KBA.pdb,3KBA_3_d_processed.sdf,decoys,24,320.392,0,0.996781802,0.00642472,-10.70127552,-0.645309082,-0.44588648,-0.026887878,7.987152645,0.471722096,7.926870755,0.478006727
test235,O=C1OC(/C=C\c2ccccc2)=N/C1=C\c1c(O)ccc2ccccc12,3KBA.pdb,3KBA_4_d_processed.sdf,decoys,26,341.366,0,0.607683676,0.480369841,-9.609745594,-0.8562737,-0.3696056,-0.032933604,7.068856852,0.645127915,7.11833007,0.634276815
test236,O=C1N/C(=N/c2ccccc2Cl)S/C1=C\C1=c2ccccc2=[NH+]C1,3KBA.pdb,3KBA_5_d_processed.sdf,decoys,24,354.842,0,0.201526511,0.381985547,-9.256629344,-0.914350947,-0.385692889,-0.038097956,6.79793242,0.52138259,6.856762477,0.677296997
test237,Cc1cccc(NCc2cc(=O)n3cccc(C)c3n2)c1C,3KBA.pdb,3KBA_6_d_processed.sdf,decoys,22,293.37,0,0.307752687,0.384332188,-9.459963196,-0.323921895,-0.429998327,-0.014723723,7.033641134,0.277893124,7.007380145,0.239942145
test238,Cc1ccccc1Nc1c(-c2ccc(Cl)s2)nc2cnccn12,3KBA.pdb,3KBA_7_d_processed.sdf,decoys,23,340.839,0,0.523850994,0.423703306,-9.863215266,-0.775724031,-0.428835446,-0.033727132,7.243991784,0.581044075,7.306085382,0.574610393
test239,CC1=NN(c2ccc(C)c(C)c2)C(=O)/C1=C\Nc1cc(C)ccc1C,3KBA.pdb,3KBA_8_d_processed.sdf,decoys,25,333.435,0,0.587189367,0.463990144,-9.09781348,-0.613113043,-0.363912539,-0.024524522,6.802403382,0.431309749,6.739121096,0.45415781
test240,O=C1N[C@H](c2cccc3ccccc23)C(C(=O)c2ccccc2)=C1[O-],3KBA.pdb,3KBA_9_d_processed.sdf,decoys,25,328.347,0,0.004946659,0.009222606,-9.409915015,-0.450697953,-0.376396601,-0.018027918,6.869938442,0.322426807,6.970307418,0.333850336
test244,CC(=O)c1c(C)[nH]c(C(=O)N2C[C@H](c3ccccc3)OCC2(C)C)c1C,3LN1.pdb,3LN1_10_d_processed.sdf,decoys,26,354.45,0,0.586988516,0.479852047,-8.621649037,-0.298479364,-0.331601886,-0.011479976,6.235268865,0.271767465,6.386406694,0.221095825
test245,Cc1nc(N[C@@H](C)c2c(C)nn(C)c2C)c2c3c(sc2n1)CCC3,3LN1.pdb,3LN1_11_d_processed.sdf,decoys,24,341.484,0,4.43E-09,8.63E-09,-9.193880919,-0.913444213,-0.383078372,-0.038060176,6.635566984,0.743656438,6.810282162,0.676625343
test246,N#CC1=C(N)Oc2c(c(=O)oc3ccccc23)[C@H]1c1cccc(Cl)c1,3LN1.pdb,3LN1_12_d_processed.sdf,decoys,25,350.761,0,0.183123839,0.365352006,-9.131664215,-0.776693465,-0.365266569,-0.031067739,6.747392246,0.470623304,6.764195715,0.575328493
test247,Cc1nc(CNC(=O)N2CCO[C@H](c3ccc(F)c(F)c3)C2)cs1,3LN1.pdb,3LN1_13_d_processed.sdf,decoys,24,353.394,0,0.353875271,0.439429422,-7.445116108,-0.728710368,-0.310213171,-0.030362932,5.610810961,0.34350046,5.514900821,0.539785458
test248,C[C@H]1CCCC[N@@H+]1Cc1c([O-])ccc2c1O/C(=C\c1ccncc1)C2=O,3LN1.pdb,3LN1_14_d_processed.sdf,decoys,26,350.418,0,0.767924882,0.353983884,-8.071246413,-0.29249074,-0.310432554,-0.011249644,5.930171217,0.312703078,5.978701047,0.216659807
test249,Brc1cnc(N2CCC(c3c[nH]c4ncccc34)CC2)nc1,3LN1.pdb,3LN1_15_d_processed.sdf,decoys,22,358.243,0,4.49E-05,8.94E-05,-9.170812573,-1.051264803,-0.416855117,-0.047784764,6.445349489,0.584338057,6.793194498,0.778714669
test250,Cc1ccsc1[C@H]1SCC(O)=Nc2c1c(C)nn2-c1ccccn1,3LN1.pdb,3LN1_16_d_processed.sdf,decoys,24,356.476,0,0.007841243,0.015273374,-8.067836758,-0.721645985,-0.336159865,-0.030068583,6.073621409,0.615518599,5.976175376,0.534552582
test251,CN(C(=O)c1cc2c([nH]c1=O)CCCC2=O)c1ccc2ccccc2c1,3LN1.pdb,3LN1_17_d_processed.sdf,decoys,26,346.386,0,0.130606536,0.252857305,-7.528092558,-0.768675519,-0.289542021,-0.029564443,5.646729265,0.603911069,5.576364858,0.569389273
test252,Cc1c(C)n([C@H](C)c2ccccc2)c2nc(-c3ccccn3)nc(N)c12,3LN1.pdb,3LN1_18_d_processed.sdf,decoys,26,343.434,0,0.019813794,0.03282449,-8.633606233,-0.589960768,-0.332061778,-0.022690799,6.412816048,0.49944416,6.395263876,0.437007976
test253,CC1=C2[C@@H](c3cccc(I)c3)C(C#N)=C(N)O[C@H]2N=N1,3LN1.pdb,3LN1_19_d_processed.sdf,decoys,20,378.173,0,5.31E-08,3.91E-08,-9.037893513,-1.142747993,-0.451894676,-0.0571374,6.6357381,0.904396403,6.694735936,0.846479995
test254,Cn1cccc1/C=C1/SC(=S)N(NC(=O)C2CCCCC2)C1=O,3LN1.pdb,3LN1_1_d_processed.sdf,decoys,23,349.481,0,0.599709085,0.489645916,-8.226187205,-0.852589083,-0.357660313,-0.037069091,6.126032489,0.55610221,6.093472004,0.631547469
test255,N#CC1=C(N)Oc2[nH]nc(-c3cccs3)c2[C@@H]1c1cccc(Cl)c1,3LN1.pdb,3LN1_20_d_processed.sdf,decoys,24,354.822,0,4.13E-05,8.16E-05,-10.07007943,-0.627795201,-0.419586643,-0.026158133,7.62001024,0.472924654,7.459318093,0.465033482
test256,COC(=O)c1sc2nc3c(c(-c4ccc(C)o4)c2c1N)CCCC3,3LN1.pdb,3LN1_2_d_processed.sdf,decoys,24,342.42,0,0.450989442,0.453596774,-8.591146803,-0.557192943,-0.35796445,-0.023216373,6.346981185,0.418079893,6.363812447,0.412735513
test257,O=C1CCCC2=C1[C@H](c1ccc(Br)cc1)n1ncnc1N2,3LN1.pdb,3LN1_3_d_processed.sdf,decoys,21,345.2,0,0.749736267,0.386719837,-8.444248131,-0.553247407,-0.402107054,-0.026345115,5.99397019,0.375735704,6.254998616,0.409812894
test258,Nc1nc(CSc2nc3cc(Cl)ccc3o2)nc2ccccc12,3LN1.pdb,3LN1_4_d_processed.sdf,decoys,23,342.811,0,0.140386225,0.18574767,-7.122931,-1.18974544,-0.309692652,-0.051728063,5.302145004,0.800109495,5.276245185,0.881292919
test259,Cc1cccc2cc(/C=C3/[NH+]=C([S-])NC3=O)c(N3CCCCC3)nc12,3LN1.pdb,3LN1_5_d_processed.sdf,decoys,25,352.463,0,0.779160106,0.367336608,-8.962450545,-0.64563889,-0.358498022,-0.025825556,6.629528591,0.246924423,6.638852256,0.47825103
test260,O=C([O-])CC/C=C\C[C@H]1CO[C@H](c2cccc3ccccc23)O[C@H]1c1cccnc1,3LN1.pdb,3LN1_6_d_processed.sdf,decoys,30,402.47,0,0.046236269,0.091657558,-9.124038127,-0.827178643,-0.304134604,-0.027572621,6.862360614,0.508103645,6.758546761,0.612724921
test261,CC(=O)c1oc2nc3c(c(-c4ccco4)c2c1N)CCc1ccccc1-3,3LN1.pdb,3LN1_7_d_processed.sdf,decoys,26,344.37,0,0.219182534,0.37388375,-8.115662139,-1.044740329,-0.312140851,-0.04018232,6.027990818,0.76550452,6.011601584,0.773881725
test262,O=C([O-])CC/C=C\C[C@@H]1CO[C@@H](c2cccc3ccccc23)O[C@H]1c1cccnc1,3LN1.pdb,3LN1_8_d_processed.sdf,decoys,30,402.47,0,0.208422283,0.392113098,-9.410062429,-0.641857882,-0.313668748,-0.021395263,6.968969345,0.446075627,6.970416614,0.475450283
test263,N#CC1=C(N)Oc2cc3c(cc2[C@@H]1c1cccc(Br)c1)OCO3,3LN1.pdb,3LN1_9_d_processed.sdf,decoys,23,371.19,0,0.79954142,0.39962624,-8.69692344,-1.216144592,-0.378127106,-0.052875852,6.567504474,0.998713353,6.442165511,0.900847846
